Date,WaterLevel 
01/01/99,5.77
02/01/99,
03/01/99,
04/01/99,5.76
05/01/99,5.68
06/01/99,5.66
07/01/99,5.64
08/01/99,5.62
09/01/99,
10/01/99,
11/01/99,5.56
12/01/99,5.54
13/01/99,5.54
14/01/99,5.54
15/01/99,5.53
16/01/99,
17/01/99,
18/01/99,5.52
19/01/99,5.53
20/01/99,5.54
21/01/99,5.54
22/01/99,
23/01/99,
24/01/99,
25/01/99,5.49
26/01/99,
27/01/99,5.46
28/01/99,5.44
29/01/99,5.43
30/01/99,
31/01/99,
01/02/99,5.44
02/02/99,5.45
03/02/99,5.45
04/02/99,5.44
05/02/99,5.43
06/02/99,
07/02/99,
08/02/99,5.39
09/02/99,5.39
10/02/99,5.38
11/02/99,5.38
12/02/99,5.39
13/02/99,
14/02/99,
15/02/99,5.4
16/02/99,5.4
17/02/99,5.41
18/02/99,5.41
19/02/99,5.41
20/02/99,
21/02/99,
22/02/99,5.38
23/02/99,5.36
24/02/99,5.34
25/02/99,5.34
26/02/99,5.34
27/02/99,
28/02/99,
01/03/99,5.34
02/03/99,
03/03/99,5.36
04/03/99,5.37
05/03/99,5.37
06/03/99,
07/03/99,
08/03/99,5.34
09/03/99,5.33
10/03/99,5.31
11/03/99,5.3
12/03/99,5.29
13/03/99,
14/03/99,
15/03/99,5.25
16/03/99,5.24
17/03/99,5.22
18/03/99,5.23
19/03/99,5.24
20/03/99,
21/03/99,
22/03/99,5.14
23/03/99,5.1
24/03/99,5.06
25/03/99,5.04
26/03/99,5.02
27/03/99,
28/03/99,
29/03/99,
30/03/99,5
31/03/99,5.01
01/04/99,5.02
02/04/99,
03/04/99,
04/04/99,
05/04/99,4.92
06/04/99,4.84
07/04/99,4.79
08/04/99,4.76
09/04/99,4.78
10/04/99,
11/04/99,
12/04/99,4.77
13/04/99,4.83
14/04/99,4.93
15/04/99,
16/04/99,5.1
17/04/99,
18/04/99,
19/04/99,5.13
20/04/99,5.1
21/04/99,5.08
22/04/99,5.05
23/04/99,5.01
24/04/99,
25/04/99,
26/04/99,4.78
27/04/99,
28/04/99,4.87
29/04/99,4.91
30/04/99,4.91
01/05/99,
02/05/99,
03/05/99,4.9
04/05/99,4.94
05/05/99,5.03
06/05/99,5.08
07/05/99,5.09
08/05/99,
09/05/99,
10/05/99,5.14
11/05/99,5.17
12/05/99,5.18
13/05/99,5.21
14/05/99,5.3
15/05/99,
16/05/99,
17/05/99,5.56
18/05/99,5.61
19/05/99,5.62
20/05/99,5.59
21/05/99,5.54
22/05/99,
23/05/99,
24/05/99,5.5
25/05/99,5.5
26/05/99,5.49
27/05/99,5.49
28/05/99,5.53
29/05/99,5.6
30/05/99,5.78
31/05/99,
01/06/99,5.86
02/06/99,5.91
03/06/99,5.83
04/06/99,5.7
05/06/99,5.69
06/06/99,5.68
07/06/99,5.7
08/06/99,5.7
09/06/99,5.7
10/06/99,5.69
11/06/99,5.68
12/06/99,5.7
13/06/99,5.71
14/06/99,5.72
15/06/99,5.76
16/06/99,5.85
17/06/99,6.02
18/06/99,6.16
19/06/99,6.1
20/06/99,5.98
21/06/99,5.89
22/06/99,5.84
23/06/99,5.85
24/06/99,5.96
25/06/99,6.44
26/06/99,6.72
27/06/99,6.81
28/06/99,7.13
29/06/99,7.48
30/06/99,7.73
01/07/99,7.85
02/07/99,7.9
03/07/99,7.97
04/07/99,8.01
05/07/99,8.01
06/07/99,7.93
07/07/99,7.84
08/07/99,7.72
09/07/99,7.57
10/07/99,7.46
11/07/99,7.47
12/07/99,4.49
13/07/99,7.62
14/07/99,7.87
15/07/99,8.1
16/07/99,8.34
17/07/99,8.52
18/07/99,8.56
19/07/99,8.52
20/07/99,8.42
21/07/99,8.37
22/07/99,8.5
23/07/99,8.74
24/07/99,8.92
25/07/99,9.03
26/07/99,9.08
27/07/99,9.07
28/07/99,9.02
29/07/99,8.97
30/07/99,8.9
31/07/99,8.86
01/08/99,8.92
02/08/99,9
03/08/99,9.03
04/08/99,9.04
05/08/99,8.98
06/08/99,8.85
07/08/99,8.68
08/08/99,8.51
09/08/99,8.34
10/08/99,8.28
11/08/99,8.26
12/08/99,8.22
13/08/99,8.24
14/08/99,8.25
15/08/99,8.56
16/08/99,8.96
17/08/99,9.15
18/08/99,9.27
19/08/99,9.36
20/08/99,9.37
21/08/99,9.34
22/08/99,9.29
23/08/99,9.23
24/08/99,9.13
25/08/99,9.05
26/08/99,9.09
27/08/99,9.17
28/08/99,9.24
29/08/99,9.32
30/08/99,9.43
31/08/99,9.45
01/09/99,9.48
02/09/99,9.51
03/09/99,9.56
04/09/99,9.53
05/09/99,9.5
06/09/99,9.44
07/09/99,9.37
08/09/99,9.28
09/09/99,9.17
10/09/99,9.06
11/09/99,8.97
12/09/99,8.87
13/09/99,8.8
14/09/99,8.78
15/09/99,8.84
16/09/99,8.97
17/09/99,9.11
18/09/99,9.21
19/09/99,9.29
20/09/99,9.33
21/09/99,9.35
22/09/99,9.37
23/09/99,9.39
24/09/99,9.42
25/09/99,9.51
26/09/99,9.78
27/09/99,10.22
28/09/99,10.52
29/09/99,10.6
30/09/99,10.59
01/10/99,10.53
02/10/99,10.43
03/10/99,10.3
04/10/99,10.15
05/10/99,10.02
06/10/99,9.89
07/10/99,9.76
08/10/99,9.63
09/10/99,9.51
10/10/99,9.4
11/10/99,9.29
12/10/99,9.16
13/10/99,9.02
14/10/99,8.87
15/10/99,8.72
16/10/99,8.57
17/10/99,8.42
18/10/99,8.35
19/10/99,8.38
20/10/99,8.44
21/10/99,8.79
22/10/99,9
23/10/99,9.1
24/10/99,9.11
25/10/99,9.06
26/10/99,8.97
27/10/99,8.84
28/10/99,8.86
29/10/99,8.43
30/10/99,8.2
31/10/99,8.03
01/11/99,7.89
02/11/99,7.73
03/11/99,7.6
04/11/99,7.52
05/11/99,7.46
06/11/99,
07/11/99,
08/11/99,7.26
09/11/99,7.1
10/11/99,6.85
11/11/99,6.77
12/11/99,6.7
13/11/99,
14/11/99,
15/11/99,6.57
16/11/99,6.52
17/11/99,6.45
18/11/99,6.42
19/11/99,6.38
20/11/99,
21/11/99,
22/11/99,6.32
23/11/99,6.31
24/11/99,6.3
25/11/99,6.28
26/11/99,6.26
27/11/99,
28/11/99,
29/11/99,6.14
30/11/99,6.1
01/12/99,6.1
02/12/99,6.08
03/12/99,6.05
04/12/99,6.03
05/12/99,
06/12/99,6.01
07/12/99,6.05
08/12/99,6
09/12/99,5.99
10/12/99,5.96
11/12/99,
12/12/99,
13/12/99,5.88
14/12/99,5.86
15/12/99,5.84
16/12/99,5.82
17/12/99,5.8
18/12/99,
19/12/99,
20/12/99,5.81
21/12/99,5.82
22/12/99,5.8
23/12/99,5.79
24/12/99,5.78
25/12/99,
26/12/99,
27/12/99,5.76
28/12/99,5.76
29/12/99,5.76
30/12/99,5.73
31/12/99,5.71
01/01/00,
02/01/00,
03/01/00,5.7
04/01/00,5.68
05/01/00,5.68
06/01/00,5.68
07/01/00,5.68
08/01/00,
09/01/00,
10/01/00,5.66
11/01/00,5.65
12/01/00,5.64
13/01/00,5.65
14/01/00,5.64
15/01/00,
16/01/00,
17/01/00,5.63
18/01/00,5.62
19/01/00,5.61
20/01/00,5.61
21/01/00,5.62
22/01/00,
23/01/00,
24/01/00,5.63
25/01/00,5.62
26/01/00,
27/01/00,5.59
28/01/00,5.58
29/01/00,
30/01/00,
31/01/00,5.55
01/02/00,5.55
02/02/00,5.55
03/02/00,5.56
04/02/00,5.56
05/02/00,
06/02/00,
07/02/00,5.57
08/02/00,5.67
09/02/00,5.68
10/02/00,
11/02/00,5.63
12/02/00,5.61
13/02/00,
14/02/00,5.6
15/02/00,5.6
16/02/00,5.6
17/02/00,5.59
18/02/00,5.59
19/02/00,
20/02/00,
21/02/00,5.58
22/02/00,5.58
23/02/00,5.57
24/02/00,5.57
25/02/00,5.56
26/02/00,
27/02/00,
28/02/00,5.52
29/02/00,5.52
01/03/00,5.51
02/03/00,5.5
03/03/00,5.49
04/03/00,
05/03/00,
06/03/00,5.49
07/03/00,5.5
08/03/00,5.5
09/03/00,5.51
10/03/00,5.5
11/03/00,
12/03/00,
13/03/00,5.48
14/03/00,5.45
15/03/00,5.42
16/03/00,5.4
17/03/00,
18/03/00,
19/03/00,
20/03/00,
21/03/00,5.35
22/03/00,5.3
23/03/00,5.27
24/03/00,5.25
25/03/00,
26/03/00,
27/03/00,5.21
28/03/00,5.2
29/03/00,5.19
30/03/00,5.16
31/03/00,5.17
01/04/00,
02/04/00,
03/04/00,5.2
04/04/00,5.25
05/04/00,5.27
06/04/00,5.29
07/04/00,5.3
08/04/00,
09/04/00,
10/04/00,5.33
11/04/00,5.35
12/04/00,5.36
13/04/00,5.37
14/04/00,5.39
15/04/00,
16/04/00,
17/04/00,5.4
18/04/00,5.41
19/04/00,5.41
20/04/00,5.43
21/04/00,5.45
22/04/00,
23/04/00,
24/04/00,5.53
25/04/00,5.52
26/04/00,5.48
27/04/00,5.48
28/04/00,5.49
29/04/00,
30/04/00,
01/05/00,
02/05/00,5.53
03/05/00,5.59
04/05/00,5.6
05/05/00,5.61
06/05/00,
07/05/00,
08/05/00,
09/05/00,5.63
10/05/00,5.65
11/05/00,5.67
12/05/00,5.69
13/05/00,
14/05/00,
15/05/00,5.72
16/05/00,5.73
17/05/00,5.75
18/05/00,5.76
19/05/00,5.77
20/05/00,
21/05/00,
22/05/00,5.77
23/05/00,5.77
24/05/00,5.91
25/05/00,6.02
26/05/00,6.43
27/05/00,
28/05/00,
29/05/00,6.35
30/05/00,6.32
31/05/00,6.3
01/06/00,6.18
02/06/00,6.08
03/06/00,
04/06/00,
05/06/00,6.04
06/06/00,6.08
07/06/00,6.11
08/06/00,6.09
09/06/00,6.07
10/06/00,
11/06/00,
12/06/00,6.19
13/06/00,6.24
14/06/00,6.25
15/06/00,6.27
16/06/00,6.22
17/06/00,6.2
18/06/00,6.18
19/06/00,6.17
20/06/00,6.18
21/06/00,6.21
22/06/00,6.2
23/06/00,6.17
24/06/00,6.17
25/06/00,6.25
26/06/00,6.7
27/06/00,6.87
28/06/00,6.92
29/06/00,6.94
30/06/00,6.91
01/07/00,6.94
02/07/00,9.91
03/07/00,6.87
04/07/00,6.83
05/07/00,6.73
06/07/00,6.62
07/07/00,6.56
08/07/00,6.51
09/07/00,6.49
10/07/00,6.5
11/07/00,6.52
12/07/00,6.54
13/07/00,6.55
14/07/00,6.58
15/07/00,6.69
16/07/00,6.73
17/07/00,6.78
18/07/00,6.84
19/07/00,6.95
20/07/00,7.02
21/07/00,7.01
22/07/00,7.08
23/07/00,7.89
24/07/00,8.52
25/07/00,9
26/07/00,9.15
27/07/00,9.26
28/07/00,9.34
29/07/00,9.36
30/07/00,9.33
31/07/00,9.27
01/08/00,9.21
02/08/00,9.15
03/08/00,9.06
04/08/00,8.98
05/08/00,8.89
06/08/00,8.76
07/08/00,8.61
08/08/00,8.45
09/08/00,8.29
10/08/00,8.21
11/08/00,8.13
12/08/00,8.1
13/08/00,8.09
14/08/00,8.07
15/08/00,8.05
16/08/00,8.02
17/08/00,7.99
18/08/00,8.04
19/08/00,8.06
20/08/00,8.04
21/08/00,8.01
22/08/00,7.95
23/08/00,7.84
24/08/00,7.75
25/08/00,7.69
26/08/00,7.57
27/08/00,7.51
28/08/00,7.46
29/08/00,7.42
30/08/00,7.4
31/08/00,7.41
01/09/00,7.57
02/09/00,7.82
03/09/00,8.04
04/09/00,8.28
05/09/00,8.45
06/09/00,8.49
07/09/00,8.48
08/09/00,8.42
09/09/00,8.35
10/09/00,8.3
11/09/00,8.26
12/09/00,8.23
13/09/00,8.19
14/09/00,8.19
15/09/00,8.12
16/09/00,8.12
17/09/00,8.13
18/09/00,8.16
19/09/00,9.02
20/09/00,9.58
21/09/00,10.35
22/09/00,11.33
23/09/00,11.72
24/09/00,11.81
25/09/00,11.66
26/09/00,11.48
27/09/00,11.26
28/09/00,11.05
29/09/00,10.85
30/09/00,10.51
01/10/00,10.2
02/10/00,10.13
03/10/00,9.48
04/10/00,9.67
05/10/00,9.5
06/10/00,9.34
07/10/00,9.18
08/10/00,9.01
09/10/00,8.81
10/10/00,8.62
11/10/00,8.44
12/10/00,8.27
13/10/00,8.1
14/10/00,7.93
15/10/00,7.76
16/10/00,7.6
17/10/00,7.45
18/10/00,7.32
19/10/00,7.2
20/10/00,7.07
21/10/00,6.96
22/10/00,6.86
23/10/00,6.79
24/10/00,6.74
25/10/00,6.7
26/10/00,6.7
27/10/00,6.7
28/10/00,6.7
29/10/00,6.7
30/10/00,6.72
31/10/00,6.72
01/11/00,6.7
02/11/00,6.66
03/11/00,6.62
04/11/00,6.55
05/11/00,6.5
06/11/00,6.46
07/11/00,6.41
08/11/00,6.39
09/11/00,6.36
10/11/00,6.34
11/11/00,6.3
12/11/00,6.27
13/11/00,6.25
14/11/00,6.23
15/11/00,6.21
16/11/00,6.18
17/11/00,6.15
18/11/00,
19/11/00,
20/11/00,6.08
21/11/00,6.06
22/11/00,6.05
23/11/00,6.03
24/11/00,6.04
25/11/00,
26/11/00,
27/11/00,6.01
28/11/00,6
29/11/00,6
30/11/00,5.19
01/12/00,5.98
02/12/00,
03/12/00,
04/12/00,5.92
05/12/00,5.9
06/12/00,5.89
07/12/00,5.88
08/12/00,5.87
09/12/00,
10/12/00,
11/12/00,5.9
12/12/00,5.9
13/12/00,5.9
14/12/00,5.9
15/12/00,5.9
16/12/00,
17/12/00,
18/12/00,5.88
19/12/00,5.84
20/12/00,5.83
21/12/00,5.8
22/12/00,5.79
23/12/00,
24/12/00,
25/12/00,
26/12/00,5.76
27/12/00,5.75
28/12/00,
29/12/00,5.73
30/12/00,
31/12/00,
01/01/01,5.7
02/01/01,5.67
03/01/01,5.65
04/01/01,5.64
05/01/01,5.65
06/01/01,
07/01/01,
08/01/01,5.65
09/01/01,5.65
10/01/01,
11/01/01,5.66
12/01/01,5.66
13/01/01,
14/01/01,
15/01/01,5.66
16/01/01,5.63
17/01/01,5.62
18/01/01,5.61
19/01/01,5.6
20/01/01,
21/01/01,
22/01/01,5.59
23/01/01,
24/01/01,5.58
25/01/01,5.58
26/01/01,
27/01/01,
28/01/01,
29/01/01,
30/01/01,5.57
31/01/01,5.58
01/02/01,5.57
02/02/01,5.56
03/02/01,
04/02/01,
05/02/01,5.57
06/02/01,5.55
07/02/01,5.54
08/02/01,5.56
09/02/01,5.56
10/02/01,
11/02/01,
12/02/01,5.56
13/02/01,5.55
14/02/01,5.52
15/02/01,5.52
16/02/01,5.52
17/02/01,
18/02/01,
19/02/01,5.47
20/02/01,5.43
21/02/01,5.41
22/02/01,5.42
23/02/01,5.41
24/02/01,
25/02/01,
26/02/01,5.2
27/02/01,5.12
28/02/01,5.05
01/03/01,5.05
02/03/01,5.04
03/03/01,
04/03/01,
05/03/01,5.02
06/03/01,
07/03/01,5.09
08/03/01,5.1
09/03/01,
10/03/01,
11/03/01,
12/03/01,4.96
13/03/01,4.93
14/03/01,4.86
15/03/01,4.77
16/03/01,4.77
17/03/01,
18/03/01,
19/03/01,4.61
20/03/01,4.58
21/03/01,4.47
22/03/01,4.42
23/03/01,4.41
24/03/01,
25/03/01,
26/03/01,5.05
27/03/01,5.16
28/03/01,5.21
29/03/01,5.24
30/03/01,5.26
31/03/01,
01/04/01,
02/04/01,5.12
03/04/01,5.09
04/04/01,5.03
05/04/01,
06/04/01,4.95
07/04/01,
08/04/01,
09/04/01,4.33
10/04/01,4.25
11/04/01,4.25
12/04/01,4.3
13/04/01,
14/04/01,
15/04/01,
16/04/01,4.87
17/04/01,5.01
18/04/01,5.1
19/04/01,5.17
20/04/01,5.24
21/04/01,
22/04/01,
23/04/01,5.12
24/04/01,5.1
25/04/01,5.01
26/04/01,4.91
27/04/01,4.82
28/04/01,
29/04/01,
30/04/01,4.61
01/05/01,
02/05/01,4.46
03/05/01,4.47
04/05/01,4.6
05/05/01,
06/05/01,
07/05/01,5.19
08/05/01,
09/05/01,5.35
10/05/01,
11/05/01,5.4
12/05/01,
13/05/01,
14/05/01,5.33
15/05/01,5.37
16/05/01,5.42
17/05/01,5.46
18/05/01,5.5
19/05/01,
20/05/01,
21/05/01,5.66
22/05/01,5.73
23/05/01,5.73
24/05/01,5.72
25/05/01,5.73
26/05/01,
27/05/01,
28/05/01,5.74
29/05/01,5.74
30/05/01,5.76
31/05/01,5.79
01/06/01,5.8
02/06/01,
03/06/01,
04/06/01,6.16
05/06/01,6.34
06/06/01,6.57
07/06/01,6.64
08/06/01,6.7
09/06/01,
10/06/01,
11/06/01,6.36
12/06/01,6.26
13/06/01,6.2
14/06/01,6.1
15/06/01,6.07
16/06/01,6.11
17/06/01,6.22
18/06/01,6.57
19/06/01,7.15
20/06/01,7.34
21/06/01,7.51
22/06/01,7.59
23/06/01,7.7
24/06/01,7.67
25/06/01,7.65
26/06/01,7.6
27/06/01,7.54
28/06/01,7.45
29/06/01,7.34
30/06/01,7.26
01/07/01,8
02/07/01,8.14
03/07/01,8.19
04/07/01,8.19
05/07/01,8.13
06/07/01,8.09
07/07/01,8.08
08/07/01,8.2
09/07/01,8.37
10/07/01,8.51
11/07/01,8.6
12/07/01,8.66
13/07/01,8.66
14/07/01,8.65
15/07/01,8.62
16/07/01,8.64
17/07/01,8.62
18/07/01,8.53
19/07/01,8.5
20/07/01,8.6
21/07/01,8.53
22/07/01,8.35
23/07/01,8.15
24/07/01,7.93
25/07/01,7.7
26/07/01,7.5
27/07/01,7.31
28/07/01,7.14
29/07/01,7.01
30/07/01,6.9
31/07/01,
01/08/01,7.12
02/08/01,6.95
03/08/01,6.83
04/08/01,6.77
05/08/01,6.69
06/08/01,6.62
07/08/01,6.55
08/08/01,6.43
09/08/01,6.32
10/08/01,6.25
11/08/01,6.22
12/08/01,6.26
13/08/01,6.32
14/08/01,6.38
15/08/01,6.37
16/08/01,6.32
17/08/01,6.28
18/08/01,6.3
19/08/01,6.4
20/08/01,6.59
21/08/01,6.74
22/08/01,6.82
23/08/01,6.88
24/08/01,6.97
25/08/01,7.02
26/08/01,7.02
27/08/01,6.98
28/08/01,6.93
29/08/01,6.96
30/08/01,7
31/08/01,7.11
01/09/01,7.41
02/09/01,7.66
03/09/01,7.87
04/09/01,7.94
05/09/01,7.98
06/09/01,7.96
07/09/01,7.89
08/09/01,7.78
09/09/01,7.68
10/09/01,7.59
11/09/01,7.58
12/09/01,7.54
13/09/01,7.42
14/09/01,7.26
15/09/01,7.14
16/09/01,7.03
17/09/01,7
18/09/01,6.95
19/09/01,6.9
20/09/01,6.86
21/09/01,6.84
22/09/01,6.82
23/09/01,6.81
24/09/01,6.86
25/09/01,6.95
26/09/01,7.04
27/09/01,7.13
28/09/01,7.38
29/09/01,7.59
30/09/01,7.66
01/10/01,6.8
02/10/01,6.8
03/10/01,6.87
04/10/01,6.98
05/10/01,7.25
06/10/01,7.56
07/10/01,7.82
08/10/01,7.99
09/10/01,8.13
10/10/01,8.18
11/10/01,8.16
12/10/01,8.16
13/10/01,8.12
14/10/01,8
15/10/01,7.88
16/10/01,7.76
17/10/01,7.65
18/10/01,7.57
19/10/01,7.49
20/10/01,7.55
21/10/01,7.62
22/10/01,7.54
23/10/01,7.37
24/10/01,7.2
25/10/01,7.01
26/10/01,6.86
27/10/01,6.72
28/10/01,6.58
29/10/01,6.47
30/10/01,6.38
31/10/01,6.37
01/11/01,6.3
02/11/01,6.26
03/11/01,
04/11/01,
05/11/01,6.15
06/11/01,6.07
07/11/01,6.02
08/11/01,6
09/11/01,5.98
10/11/01,
11/11/01,
12/11/01,5.88
13/11/01,5.86
14/11/01,
15/11/01,5.86
16/11/01,5.86
17/11/01,
18/11/01,
19/11/01,5.81
20/11/01,5.76
21/11/01,5.75
22/11/01,5.74
23/11/01,5.73
24/11/01,
25/11/01,
26/11/01,5.7
27/11/01,5.7
28/11/01,5.7
29/11/01,5.7
30/11/01,
01/12/01,
02/12/01,
03/12/01,5.7
04/12/01,5.7
05/12/01,5.69
06/12/01,5.68
07/12/01,5.67
08/12/01,
09/12/01,
10/12/01,5.65
11/12/01,5.66
12/12/01,5.66
13/12/01,5.66
14/12/01,5.66
15/12/01,
16/12/01,
17/12/01,
18/12/01,5.61
19/12/01,5.61
20/12/01,5.6
21/12/01,5.59
22/12/01,
23/12/01,
24/12/01,5.55
25/12/01,
26/12/01,5.54
27/12/01,5.55
28/12/01,5.56
29/12/01,
30/12/01,
31/12/01,5.49
01/01/02,5.48
02/01/02,5.48
03/01/02,5.44
04/01/02,5.43
05/01/02,
06/01/02,
07/01/02,5.39
08/01/02,5.4
09/01/02,5.4
10/01/02,5.39
11/01/02,5.38
12/01/02,
13/01/02,
14/01/02,5.38
15/01/02,5.38
16/01/02,5.38
17/01/02,5.38
18/01/02,5.37
19/01/02,
20/01/02,
21/01/02,5.35
22/01/02,5.37
23/01/02,
24/01/02,5.38
25/01/02,5.35
26/01/02,
27/01/02,
28/01/02,5.36
29/01/02,5.37
30/01/02,5.38
31/01/02,5.37
01/02/02,5.36
02/02/02,
03/02/02,
04/02/02,5.34
05/02/02,5.34
06/02/02,5.33
07/02/02,5.32
08/02/02,5.31
09/02/02,
10/02/02,
11/02/02,5.34
12/02/02,5.35
13/02/02,5.34
14/02/02,5.33
15/02/02,5.33
16/02/02,
17/02/02,
18/02/02,5.32
19/02/02,5.32
20/02/02,5.31
21/02/02,5.31
22/02/02,5.3
23/02/02,
24/02/02,
25/02/02,5.3
26/02/02,5.3
27/02/02,5.3
28/02/02,5.3
01/03/02,5.33
02/03/02,
03/03/02,
04/03/02,5.36
05/03/02,5.37
06/03/02,5.33
07/03/02,5.33
08/03/02,5.34
09/03/02,
10/03/02,
11/03/02,5.33
12/03/02,5.32
13/03/02,5.32
14/03/02,5.31
15/03/02,5.3
16/03/02,
17/03/02,
18/03/02,5.25
19/03/02,5.22
20/03/02,5.19
21/03/02,5.18
22/03/02,5.16
23/03/02,
24/03/02,
25/03/02,
26/03/02,5.12
27/03/02,5.1
28/03/02,
29/03/02,
30/03/02,
31/03/02,
01/04/02,5.12
02/04/02,5.14
03/04/02,5.15
04/04/02,5.1
05/04/02,5.07
06/04/02,
07/04/02,
08/04/02,5
09/04/02,5.01
10/04/02,5.05
11/04/02,5.09
12/04/02,5.1
13/04/02,
14/04/02,
15/04/02,
16/04/02,
17/04/02,5.25
18/04/02,5.28
19/04/02,5.32
20/04/02,
21/04/02,
22/04/02,5.39
23/04/02,5.43
24/04/02,5.46
25/04/02,5.44
26/04/02,5.44
27/04/02,
28/04/02,
29/04/02,5.47
30/04/02,5.49
01/05/02,
02/05/02,5.52
03/05/02,5.54
04/05/02,
05/05/02,
06/05/02,5.55
07/05/02,5.55
08/05/02,5.55
09/05/02,
10/05/02,5.55
11/05/02,
12/05/02,
13/05/02,5.56
14/05/02,5.56
15/05/02,5.57
16/05/02,5.56
17/05/02,5.55
18/05/02,
19/05/02,
20/05/02,5.53
21/05/02,5.52
22/05/02,5.51
23/05/02,5.51
24/05/02,5.52
25/05/02,
26/05/02,
27/05/02,5.53
28/05/02,5.53
29/05/02,5.52
30/05/02,5.52
31/05/02,5.52
01/06/02,
02/06/02,
03/06/02,5.6
04/06/02,5.63
05/06/02,5.63
06/06/02,5.62
07/06/02,5.61
08/06/02,
09/06/02,
10/06/02,5.58
11/06/02,5.6
12/06/02,5.61
13/06/02,5.61
14/06/02,5.68
15/06/02,5.86
16/06/02,5.98
17/06/02,5.95
18/06/02,5.85
19/06/02,5.75
20/06/02,5.69
21/06/02,5.64
22/06/02,5.63
23/06/02,5.8
24/06/02,5.92
25/06/02,6.1
26/06/02,6.23
27/06/02,6.37
28/06/02,6.49
29/06/02,6.52
30/06/02,6.5
01/07/02,6.48
02/07/02,6.53
03/07/02,6.66
04/07/02,7.27
05/07/02,7.71
06/07/02,7.9
07/07/02,8
08/07/02,7.95
09/07/02,7.84
10/07/02,7.64
11/07/02,7.46
12/07/02,7.26
13/07/02,7.06
14/07/02,6.9
15/07/02,6.97
16/07/02,6.66
17/07/02,6.56
18/07/02,6.48
19/07/02,6.42
20/07/02,6.39
21/07/02,6.39
22/07/02,6.44
23/07/02,6.59
24/07/02,7.15
25/07/02,7.5
26/07/02,7.58
27/07/02,7.59
28/07/02,7.59
29/07/02,7.6
30/07/02,7.6
31/07/02,7.6
01/08/02,7.61
02/08/02,7.59
03/08/02,7.53
04/08/02,7.49
05/08/02,7.48
06/08/02,7.46
07/08/02,7.46
08/08/02,7.44
09/08/02,7.39
10/08/02,7.31
11/08/02,7.21
12/08/02,7.14
13/08/02,7.2
14/08/02,7.65
15/08/02,8.1
16/08/02,8.31
17/08/02,8.48
18/08/02,8.55
19/08/02,8.58
20/08/02,8.59
21/08/02,8.59
22/08/02,8.59
23/08/02,8.56
24/08/02,8.52
25/08/02,8.48
26/08/02,8.44
27/08/02,8.45
28/08/02,8.38
29/08/02,8.31
30/08/02,8.23
31/08/02,8.14
01/09/02,8.02
02/09/02,7.9
03/09/02,7.71
04/09/02,7.57
05/09/02,7.48
06/09/02,7.4
07/09/02,7.32
08/09/02,7.27
09/09/02,7.26
10/09/02,7.23
11/09/02,7.25
12/09/02,7.33
13/09/02,7.42
14/09/02,7.6
15/09/02,7.82
16/09/02,7.81
17/09/02,7.73
18/09/02,7.66
19/09/02,7.6
20/09/02,7.54
21/09/02,7.5
22/09/02,7.46
23/09/02,7.48
24/09/02,7.59
25/09/02,7.84
26/09/02,8.2
27/09/02,8.54
28/09/02,8.77
29/09/02,8.96
30/09/02,9.06
01/10/02,9.1
02/10/02,9.09
03/10/02,9.04
04/10/02,8.94
05/10/02,8.84
06/10/02,8.65
07/10/02,8.41
08/10/02,8.13
09/10/02,7.82
10/10/02,7.56
11/10/02,7.36
12/10/02,7.18
13/10/02,7.08
14/10/02,6.91
15/10/02,6.82
16/10/02,6.72
17/10/02,6.66
18/10/02,6.68
19/10/02,
20/10/02,
21/10/02,7.05
22/10/02,7.13
23/10/02,7.08
24/10/02,6.94
25/10/02,6.78
26/10/02,
27/10/02,
28/10/02,6.45
29/10/02,6.31
30/10/02,6.18
31/10/02,6.15
01/11/02,6.11
02/11/02,
03/11/02,
04/11/02,
05/11/02,6.1
06/11/02,
07/11/02,6.07
08/11/02,6.05
09/11/02,
10/11/02,
11/11/02,5.95
12/11/02,5.92
13/11/02,5.95
14/11/02,5.94
15/11/02,5.94
16/11/02,
17/11/02,
18/11/02,5.91
19/11/02,
20/11/02,5.89
21/11/02,5.89
22/11/02,5.88
23/11/02,
24/11/02,
25/11/02,5.85
26/11/02,5.81
27/11/02,5.8
28/11/02,5.8
29/11/02,5.8
30/11/02,
01/12/02,
02/12/02,5.77
03/12/02,5.77
04/12/02,5.77
05/12/02,5.77
06/12/02,
07/12/02,
08/12/02,
09/12/02,5.71
10/12/02,5.7
11/12/02,5.7
12/12/02,5.69
13/12/02,5.69
14/12/02,
15/12/02,
16/12/02,5.68
17/12/02,5.68
18/12/02,5.67
19/12/02,5.66
20/12/02,5.66
21/12/02,
22/12/02,
23/12/02,5.63
24/12/02,5.63
25/12/02,
26/12/02,5.62
27/12/02,5.61
28/12/02,
29/12/02,
30/12/02,5.6
31/12/02,5.6
01/01/03,5.59
02/01/03,5.59
03/01/03,5.58
04/01/03,
05/01/03,
06/01/03,5.52
07/01/03,5.5
08/01/03,5.49
09/01/03,5.48
10/01/03,5.47
11/01/03,
12/01/03,
13/01/03,5.42
14/01/03,5.42
15/01/03,5.41
16/01/03,5.41
17/01/03,5.42
18/01/03,
19/01/03,
20/01/03,5.44
21/01/03,5.44
22/01/03,5.43
23/01/03,
24/01/03,5.4
25/01/03,
26/01/03,
27/01/03,5.38
28/01/03,5.37
29/01/03,5.35
30/01/03,5.35
31/01/03,5.36
01/02/03,
02/02/03,
03/02/03,5.38
04/02/03,5.39
05/02/03,5.39
06/02/03,
07/02/03,5.38
08/02/03,
09/02/03,
10/02/03,5.38
11/02/03,5.38
12/02/03,
13/02/03,5.39
14/02/03,5.4
15/02/03,
16/02/03,
17/02/03,5.39
18/02/03,5.38
19/02/03,5.37
20/02/03,5.36
21/02/03,5.41
22/02/03,
23/02/03,
24/02/03,5.4
25/02/03,5.39
26/02/03,5.38
27/02/03,5.39
28/02/03,5.37
01/03/03,
02/03/03,
03/03/03,5.35
04/03/03,5.34
05/03/03,5.34
06/03/03,5.34
07/03/03,5.34
08/03/03,
09/03/03,
10/03/03,5.32
11/03/03,5.32
12/03/03,5.32
13/03/03,5.33
14/03/03,
15/03/03,
16/03/03,
17/03/03,5.5
18/03/03,
19/03/03,5.53
20/03/03,5.51
21/03/03,5.5
22/03/03,
23/03/03,
24/03/03,5.2
25/03/03,5.14
26/03/03,5.13
27/03/03,5.1
28/03/03,5.08
29/03/03,
30/03/03,
31/03/03,5.13
01/04/03,5.13
02/04/03,5.2
03/04/03,5.25
04/04/03,5.28
05/04/03,
06/04/03,
07/04/03,5.3
08/04/03,5.32
09/04/03,5.34
10/04/03,5.35
11/04/03,5.37
12/04/03,
13/04/03,
14/04/03,
15/04/03,
16/04/03,5.34
17/04/03,5.33
18/04/03,
19/04/03,
20/04/03,
21/04/03,5.34
22/04/03,5.35
23/04/03,5.34
24/04/03,5.3
25/04/03,5.28
26/04/03,
27/04/03,
28/04/03,5.3
29/04/03,5.37
30/04/03,5.46
01/05/03,
02/05/03,5.6
03/05/03,
04/05/03,
05/05/03,5.6
06/05/03,5.58
07/05/03,5.55
08/05/03,5.52
09/05/03,
10/05/03,
11/05/03,
12/05/03,5.49
13/05/03,5.48
14/05/03,5.47
15/05/03,
16/05/03,5.46
17/05/03,
18/05/03,
19/05/03,5.52
20/05/03,5.5
21/05/03,5.48
22/05/03,5.45
23/05/03,5.44
24/05/03,
25/05/03,
26/05/03,5.45
27/05/03,5.47
28/05/03,5.49
29/05/03,5.47
30/05/03,5.46
31/05/03,
01/06/03,
02/06/03,5.45
03/06/03,5.46
04/06/03,5.47
05/06/03,5.48
06/06/03,5.49
07/06/03,
08/06/03,
09/06/03,5.51
10/06/03,5.51
11/06/03,5.54
12/06/03,5.54
13/06/03,5.54
14/06/03,5.56
15/06/03,5.58
16/06/03,5.6
17/06/03,5.6
18/06/03,5.6
19/06/03,5.56
20/06/03,5.54
21/06/03,5.56
22/06/03,5.62
23/06/03,5.64
24/06/03,5.67
25/06/03,5.67
26/06/03,5.66
27/06/03,5.71
28/06/03,5.83
29/06/03,5.94
30/06/03,6.28
01/07/03,6.55
02/07/03,6.58
03/07/03,6.56
04/07/03,6.5
05/07/03,6.37
06/07/03,6.23
07/07/03,6.14
08/07/03,6.09
09/07/03,6.07
10/07/03,6.04
11/07/03,6.04
12/07/03,6.1
13/07/03,6.23
14/07/03,6.35
15/07/03,6.54
16/07/03,6.57
17/07/03,6.74
18/07/03,6.95
19/07/03,6.93
20/07/03,6.84
21/07/03,6.75
22/07/03,6.67
23/07/03,6.6
24/07/03,6.55
25/07/03,6.52
26/07/03,6.52
27/07/03,6.57
28/07/03,6.64
29/07/03,6.7
30/07/03,6.87
31/07/03,7.09
01/08/03,7.28
02/08/03,7.34
03/08/03,7.61
04/08/03,7.73
05/08/03,7.65
06/08/03,7.51
07/08/03,7.37
08/08/03,7.18
09/08/03,7.1
10/08/03,7.01
11/08/03,6.94
12/08/03,6.9
13/08/03,6.9
14/08/03,6.91
15/08/03,6.99
16/08/03,7.09
17/08/03,7.22
18/08/03,7.29
19/08/03,7.38
20/08/03,7.54
21/08/03,7.8
22/08/03,8.02
23/08/03,8.13
24/08/03,8.14
25/08/03,8.1
26/08/03,8.05
27/08/03,8.02
28/08/03,7.96
29/08/03,7.89
30/08/03,7.83
31/08/03,7.77
01/09/03,7.69
02/09/03,7.59
03/09/03,7.55
04/09/03,7.48
05/09/03,7.43
06/09/03,7.39
07/09/03,7.35
08/09/03,7.31
09/09/03,7.29
10/09/03,7.31
11/09/03,7.32
12/09/03,7.37
13/09/03,7.41
14/09/03,7.44
15/09/03,7.42
16/09/03,7.41
17/09/03,7.43
18/09/03,7.4
19/09/03,7.37
20/09/03,7.33
21/09/03,7.29
22/09/03,7.25
23/09/03,7.22
24/09/03,7.21
25/09/03,7.23
26/09/03,7.31
27/09/03,7.44
28/09/03,7.57
29/09/03,7.69
30/09/03,7.7
01/10/03,7.71
02/10/03,7.8
03/10/03,7.84
04/10/03,7.83
05/10/03,7.85
06/10/03,7.84
07/10/03,7.79
08/10/03,7.85
09/10/03,7.89
10/10/03,8.08
11/10/03,8.48
12/10/03,8.79
13/10/03,8.87
14/10/03,8.87
15/10/03,8.8
16/10/03,8.69
17/10/03,8.52
18/10/03,8.3
19/10/03,8.1
20/10/03,7.87
21/10/03,7.61
22/10/03,7.44
23/10/03,7.34
24/10/03,7.27
25/10/03,7.28
26/10/03,7.34
27/10/03,7.46
28/10/03,7.7
29/10/03,7.9
30/10/03,7.99
31/10/03,7.97
01/11/03,
02/11/03,
03/11/03,7.42
04/11/03,7.38
05/11/03,7.25
06/11/03,6.95
07/11/03,6.78
08/11/03,
09/11/03,
10/11/03,6.4
11/11/03,6.3
12/11/03,6.26
13/11/03,6.2
14/11/03,6.18
15/11/03,
16/11/03,
17/11/03,6.1
18/11/03,6.03
19/11/03,5.99
20/11/03,5.95
21/11/03,5.95
22/11/03,
23/11/03,
24/11/03,5.95
25/11/03,5.94
26/11/03,
27/11/03,5.93
28/11/03,5.92
29/11/03,
30/11/03,
01/12/03,5.9
02/12/03,5.88
03/12/03,5.85
04/12/03,5.83
05/12/03,5.8
06/12/03,
07/12/03,
08/12/03,5.8
09/12/03,5.79
10/12/03,5.79
11/12/03,5.78
12/12/03,5.78
13/12/03,
14/12/03,
15/12/03,5.76
16/12/03,5.75
17/12/03,5.74
18/12/03,5.72
19/12/03,5.72
20/12/03,
21/12/03,
22/12/03,5.74
23/12/03,5.74
24/12/03,5.72
25/12/03,
26/12/03,5.7
27/12/03,
28/12/03,
29/12/03,5.69
30/12/03,5.68
31/12/03,5.68
01/01/04,
02/01/04,
03/01/04,
04/01/04,
05/01/04,
06/01/04,
07/01/04,
08/01/04,
09/01/04,
10/01/04,
11/01/04,
12/01/04,
13/01/04,
14/01/04,
15/01/04,
16/01/04,
17/01/04,
18/01/04,
19/01/04,
20/01/04,
21/01/04,
22/01/04,
23/01/04,
24/01/04,
25/01/04,
26/01/04,
27/01/04,
28/01/04,
29/01/04,
30/01/04,
31/01/04,
01/02/04,
02/02/04,
03/02/04,5.51
04/02/04,5.52
05/02/04,5.51
06/02/04,5.51
07/02/04,
08/02/04,
09/02/04,5.5
10/02/04,5.5
11/02/04,5.5
12/02/04,5.5
13/02/04,5.49
14/02/04,
15/02/04,
16/02/04,5.5
17/02/04,5.51
18/02/04,5.52
19/02/04,5.52
20/02/04,5.53
21/02/04,
22/02/04,
23/02/04,5.5
24/02/04,5.49
25/02/04,5.45
26/02/04,5.43
27/02/04,5.42
28/02/04,
29/02/04,
01/03/04,5.41
02/03/04,
03/03/04,5.4
04/03/04,5.37
05/03/04,5.3
06/03/04,
07/03/04,
08/03/04,5.05
09/03/04,5.03
10/03/04,5.02
11/03/04,5.01
12/03/04,4.99
13/03/04,
14/03/04,
15/03/04,4.95
16/03/04,4.95
17/03/04,4.94
18/03/04,4.95
19/03/04,4.97
20/03/04,
21/03/04,
22/03/04,5.06
23/03/04,5.11
24/03/04,5.13
25/03/04,5.14
26/03/04,5.15
27/03/04,
28/03/04,
29/03/04,5.11
30/03/04,5.09
31/03/04,5.08
01/04/04,5.07
02/04/04,5.05
03/04/04,
04/04/04,
05/04/04,5.02
06/04/04,5
07/04/04,4.95
08/04/04,4.9
09/04/04,
10/04/04,
11/04/04,
12/04/04,4.86
13/04/04,4.85
14/04/04,
15/04/04,4.9
16/04/04,5
17/04/04,
18/04/04,
19/04/04,5.18
20/04/04,5.21
21/04/04,5.22
22/04/04,5.22
23/04/04,5.23
24/04/04,
25/04/04,
26/04/04,5.3
27/04/04,
28/04/04,5.33
29/04/04,5.33
30/04/04,5.34
01/05/04,
02/05/04,
03/05/04,
04/05/04,5.4
05/05/04,5.42
06/05/04,5.45
07/05/04,5.44
08/05/04,
09/05/04,
10/05/04,
11/05/04,5.3
12/05/04,5.25
13/05/04,5.22
14/05/04,5.18
15/05/04,
16/05/04,
17/05/04,5.1
18/05/04,5.1
19/05/04,5.16
20/05/04,5.19
21/05/04,5.21
22/05/04,
23/05/04,
24/05/04,5.3
25/05/04,5.35
26/05/04,5.4
27/05/04,5.46
28/05/04,5.49
29/05/04,
30/05/04,
31/05/04,5.56
01/06/04,5.6
02/06/04,5.62
03/06/04,5.65
04/06/04,5.66
05/06/04,
06/06/04,
07/06/04,5.67
08/06/04,5.69
09/06/04,5.69
10/06/04,5.69
11/06/04,5.69
12/06/04,5.7
13/06/04,5.7
14/06/04,5.7
15/06/04,5.72
16/06/04,5.72
17/06/04,5.72
18/06/04,5.79
19/06/04,5.9
20/06/04,5.96
21/06/04,5.97
22/06/04,6
23/06/04,6.91
24/06/04,7.11
25/06/04,7.09
26/06/04,7
27/06/04,6.9
28/06/04,6.79
29/06/04,6.66
30/06/04,6.54
01/07/04,6.43
02/07/04,6.34
03/07/04,6.24
04/07/04,6.17
05/07/04,6.1
06/07/04,6.06
07/07/04,6.04
08/07/04,6.04
09/07/04,6.06
10/07/04,6.1
11/07/04,6.15
12/07/04,6.26
13/07/04,6.34
14/07/04,6.39
15/07/04,6.42
16/07/04,6.46
17/07/04,6.58
18/07/04,6.68
19/07/04,6.79
20/07/04,6.9
21/07/04,6.95
22/07/04,6.99
23/07/04,7.01
24/07/04,6.99
25/07/04,6.95
26/07/04,6.92
27/07/04,6.92
28/07/04,6.95
29/07/04,6.95
30/07/04,6.91
31/07/04,6.88
01/08/04,6.89
02/08/04,6.87
03/08/04,6.87
04/08/04,6.98
05/08/04,6.97
06/08/04,6.91
07/08/04,6.86
08/08/04,6.85
09/08/04,6.88
10/08/04,6.96
11/08/04,7.05
12/08/04,7.1
13/08/04,7.17
14/08/04,7.22
15/08/04,7.32
16/08/04,7.54
17/08/04,7.73
18/08/04,7.86
19/08/04,7.87
20/08/04,7.79
21/08/04,7.66
22/08/04,7.56
23/08/04,7.52
24/08/04,7.45
25/08/04,7.41
26/08/04,7.4
27/08/04,7.4
28/08/04,7.42
29/08/04,7.47
30/08/04,7.54
31/08/04,7.65
01/09/04,7.75
02/09/04,7.81
03/09/04,7.83
04/09/04,7.79
05/09/04,7.69
06/09/04,7.53
07/09/04,7.37
08/09/04,7.2
09/09/04,7.09
10/09/04,6.94
11/09/04,6.82
12/09/04,6.76
13/09/04,6.72
14/09/04,6.82
15/09/04,7.07
16/09/04,7.52
17/09/04,7.97
18/09/04,8.32
19/09/04,8.9
20/09/04,9.09
21/09/04,9.19
22/09/04,9.22
23/09/04,9.19
24/09/04,9.12
25/09/04,9.02
26/09/04,8.87
27/09/04,8.68
28/09/04,8.5
29/09/04,8.36
30/09/04,8.25
01/10/04,8.17
02/10/04,8.07
03/10/04,7.94
04/10/04,7.93
05/10/04,7.92
06/10/04,7.8
07/10/04,7.86
08/10/04,8.29
09/10/04,8.92
10/10/04,9.2
11/10/04,9.35
12/10/04,9.41
13/10/04,9.42
14/10/04,9.4
15/10/04,9.33
16/10/04,9.24
17/10/04,9.13
18/10/04,9
19/10/04,8.8
20/10/04,8.55
21/10/04,8.31
22/10/04,8.05
23/10/04,7.8
24/10/04,7.57
25/10/04,7.38
26/10/04,7.2
27/10/04,7.08
28/10/04,6.93
29/10/04,6.85
30/10/04,6.77
31/10/04,6.77
01/11/04,6.7
02/11/04,6.63
03/11/04,6.52
04/11/04,6.55
05/11/04,6.42
06/11/04,
07/11/04,
08/11/04,6.52
09/11/04,6.6
10/11/04,6.4
11/11/04,
12/11/04,6.25
13/11/04,
14/11/04,
15/11/04,
16/11/04,6.15
17/11/04,6.08
18/11/04,6.05
19/11/04,6.03
20/11/04,
21/11/04,
22/11/04,5.97
23/11/04,5.95
24/11/04,5.95
25/11/04,5.94
26/11/04,
27/11/04,
28/11/04,
29/11/04,5.92
30/11/04,5.91
01/12/04,5.88
02/12/04,5.86
03/12/04,5.85
04/12/04,
05/12/04,
06/12/04,5.83
07/12/04,5.8
08/12/04,5.8
09/12/04,5.8
10/12/04,5.79
11/12/04,
12/12/04,
13/12/04,5.78
14/12/04,5.78
15/12/04,5.78
16/12/04,5.77
17/12/04,5.77
18/12/04,
19/12/04,
20/12/04,5.75
21/12/04,5.75
22/12/04,5.75
23/12/04,5.74
24/12/04,5.74
25/12/04,
26/12/04,
27/12/04,5.73
28/12/04,5.72
29/12/04,5.71
30/12/04,5.7
31/12/04,5.68
01/01/05,
02/01/05,
03/01/05,5.66
04/01/05,5.65
05/01/05,5.64
06/01/05,5.63
07/01/05,5.62
08/01/05,
09/01/05,
10/01/05,5.6
11/01/05,5.57
12/01/05,5.55
13/01/05,5.53
14/01/05,5.51
15/01/05,
16/01/05,
17/01/05,5.5
18/01/05,5.5
19/01/05,5.5
20/01/05,5.5
21/01/05,
22/01/05,
23/01/05,
24/01/05,5.49
25/01/05,5.49
26/01/05,
27/01/05,5.5
28/01/05,5.5
29/01/05,
30/01/05,
31/01/05,5.49
01/02/05,5.49
02/02/05,5.49
03/02/05,5.49
04/02/05,5.49
05/02/05,
06/02/05,
07/02/05,5.48
08/02/05,5.48
09/02/05,5.49
10/02/05,5.5
11/02/05,5.5
12/02/05,
13/02/05,
14/02/05,5.51
15/02/05,5.5
16/02/05,5.47
17/02/05,5.44
18/02/05,5.43
19/02/05,
20/02/05,
21/02/05,5.4
22/02/05,5.37
23/02/05,5.34
24/02/05,5.31
25/02/05,5.28
26/02/05,
27/02/05,
28/02/05,5.27
01/03/05,5.26
02/03/05,5.26
03/03/05,5.26
04/03/05,5.25
05/03/05,
06/03/05,
07/03/05,5.1
08/03/05,5.05
09/03/05,5
10/03/05,4.99
11/03/05,4.99
12/03/05,
13/03/05,
14/03/05,4.86
15/03/05,4.8
16/03/05,4.73
17/03/05,4.64
18/03/05,4.56
19/03/05,
20/03/05,
21/03/05,4.5
22/03/05,4.49
23/03/05,4.67
24/03/05,4.85
25/03/05,4.92
26/03/05,
27/03/05,
28/03/05,5
29/03/05,5.1
30/03/05,5.19
31/03/05,5.15
01/04/05,5.1
02/04/05,
03/04/05,
04/04/05,4.9
05/04/05,4.85
06/04/05,4.84
07/04/05,4.91
08/04/05,4.95
09/04/05,
10/04/05,
11/04/05,5.01
12/04/05,5.03
13/04/05,5.04
14/04/05,
15/04/05,
16/04/05,
17/04/05,
18/04/05,5.08
19/04/05,5.07
20/04/05,4.95
21/04/05,4.85
22/04/05,
23/04/05,
24/04/05,
25/04/05,4.55
26/04/05,4.5
27/04/05,4.46
28/04/05,4.42
29/04/05,4.42
30/04/05,
01/05/05,
02/05/05,4.7
03/05/05,4.76
04/05/05,4.85
05/05/05,4.98
06/05/05,5.14
07/05/05,
08/05/05,
09/05/05,
10/05/05,5.16
11/05/05,5.18
12/05/05,5.23
13/05/05,5.26
14/05/05,
15/05/05,
16/05/05,5.3
17/05/05,5.35
18/05/05,5.44
19/05/05,5.48
20/05/05,5.51
21/05/05,
22/05/05,
23/05/05,5.42
24/05/05,5.33
25/05/05,5.25
26/05/05,5.2
27/05/05,5.18
28/05/05,
29/05/05,
30/05/05,5.1
31/05/05,5.08
01/06/05,5.07
02/06/05,5.06
03/06/05,5.05
04/06/05,
05/06/05,
06/06/05,5.04
07/06/05,5.1
08/06/05,5.18
09/06/05,5.25
10/06/05,5.28
11/06/05,
12/06/05,
13/06/05,5.3
14/06/05,5.35
15/06/05,5.36
16/06/05,5.37
17/06/05,5.36
18/06/05,5.38
19/06/05,5.36
20/06/05,5.38
21/06/05,5.37
22/06/05,5.4
23/06/05,5.46
24/06/05,5.54
25/06/05,5.63
26/06/05,5.7
27/06/05,5.78
28/06/05,5.81
29/06/05,5.87
30/06/05,5.92
01/07/05,5.95
02/07/05,6.02
03/07/05,6.13
04/07/05,6.35
05/07/05,6.52
06/07/05,6.71
07/07/05,7.11
08/07/05,7.41
09/07/05,7.45
10/07/05,7.3
11/07/05,7.1
12/07/05,6.9
13/07/05,6.77
14/07/05,6.84
15/07/05,7.09
16/07/05,7.46
17/07/05,7.94
18/07/05,8.03
19/07/05,8.04
20/07/05,8.04
21/07/05,8.11
22/07/05,8.26
23/07/05,8.35
24/07/05,8.39
25/07/05,8.42
26/07/05,8.41
27/07/05,8.4
28/07/05,8.32
29/07/05,8.22
30/07/05,8.17
31/07/05,8.14
01/08/05,8.05
02/08/05,7.9
03/08/05,7.74
04/08/05,7.59
05/08/05,7.45
06/08/05,7.35
07/08/05,7.29
08/08/05,7.3
09/08/05,7.31
10/08/05,7.32
11/08/05,7.35
12/08/05,7.42
13/08/05,7.48
14/08/05,7.52
15/08/05,7.57
16/08/05,7.64
17/08/05,7.72
18/08/05,7.77
19/08/05,7.82
20/08/05,7.83
21/08/05,7.8
22/08/05,7.72
23/08/05,7.7
24/08/05,7.73
25/08/05,7.81
26/08/05,7.92
27/08/05,7.99
28/08/05,8.03
29/08/05,8.06
30/08/05,8.06
31/08/05,8.02
01/09/05,7.97
02/09/05,7.91
03/09/05,7.88
04/09/05,7.81
05/09/05,7.72
06/09/05,7.63
07/09/05,7.54
08/09/05,7.47
09/09/05,7.36
10/09/05,7.27
11/09/05,7.16
12/09/05,7.08
13/09/05,7.03
14/09/05,7.01
15/09/05,6.96
16/09/05,6.91
17/09/05,6.91
18/09/05,6.92
19/09/05,6.9
20/09/05,6.87
21/09/05,6.8
22/09/05,6.75
23/09/05,6.7
24/09/05,6.69
25/09/05,6.7
26/09/05,6.7
27/09/05,6.69
28/09/05,6.65
29/09/05,6.59
30/09/05,6.52
01/10/05,6.45
02/10/05,6.4
03/10/05,6.46
04/10/05,6.62
05/10/05,6.79
06/10/05,7
07/10/05,7.11
08/10/05,7.1
09/10/05,6.98
10/10/05,6.84
11/10/05,6.67
12/10/05,6.54
13/10/05,6.45
14/10/05,6.36
15/10/05,6.3
16/10/05,6.25
17/10/05,6.23
18/10/05,6.4
19/10/05,6.24
20/10/05,6.26
21/10/05,6.39
22/10/05,6.77
23/10/05,7.31
24/10/05,7.98
25/10/05,8.2
26/10/05,8.27
27/10/05,8.26
28/10/05,8.2
29/10/05,8.1
30/10/05,7.97
31/10/05,7.75
01/11/05,
02/11/05,7.24
03/11/05,7.1
04/11/05,
05/11/05,
06/11/05,
07/11/05,6.5
08/11/05,6.34
09/11/05,6.27
10/11/05,6.22
11/11/05,6.18
12/11/05,
13/11/05,
14/11/05,6.13
15/11/05,
16/11/05,6.1
17/11/05,6.07
18/11/05,6.05
19/11/05,
20/11/05,
21/11/05,6.05
22/11/05,6
23/11/05,5.99
24/11/05,5.96
25/11/05,5.94
26/11/05,
27/11/05,
28/11/05,5.93
29/11/05,5.93
30/11/05,5.94
01/12/05,5.94
02/12/05,5.94
03/12/05,
04/12/05,
05/12/05,5.93
06/12/05,5.93
07/12/05,5.92
08/12/05,5.92
09/12/05,5.91
10/12/05,
11/12/05,
12/12/05,5.89
13/12/05,5.87
14/12/05,5.83
15/12/05,5.8
16/12/05,5.79
17/12/05,
18/12/05,
19/12/05,5.73
20/12/05,5.7
21/12/05,5.69
22/12/05,5.68
23/12/05,5.68
24/12/05,
25/12/05,
26/12/05,5.67
27/12/05,5.66
28/12/05,5.66
29/12/05,5.65
30/12/05,5.64
31/12/05,
01/01/06,
02/01/06,5.67
03/01/06,5.65
04/01/06,5.63
05/01/06,5.6
06/01/06,5.55
07/01/06,
08/01/06,
09/01/06,5.45
10/01/06,5.44
11/01/06,
12/01/06,5.44
13/01/06,5.45
14/01/06,
15/01/06,
16/01/06,5.42
17/01/06,5.4
18/01/06,5.39
19/01/06,5.36
20/01/06,5.33
21/01/06,
22/01/06,
23/01/06,
24/01/06,5.28
25/01/06,5.27
26/01/06,
27/01/06,5.26
28/01/06,
29/01/06,
30/01/06,5.22
31/01/06,5.22
01/02/06,5.2
02/02/06,5.16
03/02/06,
04/02/06,
05/02/06,
06/02/06,5.09
07/02/06,5.01
08/02/06,5.9
09/02/06,
10/02/06,4.86
11/02/06,
12/02/06,
13/02/06,4.85
14/02/06,4.85
15/02/06,4.84
16/02/06,4.84
17/02/06,4.83
18/02/06,
19/02/06,
20/02/06,4.79
21/02/06,4.75
22/02/06,4.7
23/02/06,4.67
24/02/06,4.62
25/02/06,
26/02/06,
27/02/06,4.55
28/02/06,4.53
01/03/06,4.52
02/03/06,4.53
03/03/06,4.54
04/03/06,
05/03/06,
06/03/06,4.55
07/03/06,4.55
08/03/06,4.54
09/03/06,4.52
10/03/06,4.5
11/03/06,
12/03/06,
13/03/06,4.46
14/03/06,
15/03/06,4.1
16/03/06,4.03
17/03/06,3.95
18/03/06,
19/03/06,
20/03/06,3.8
21/03/06,3.75
22/03/06,3.83
23/03/06,3.98
24/03/06,4.48
25/03/06,
26/03/06,
27/03/06,4.88
28/03/06,4.92
29/03/06,4.9
30/03/06,4.88
31/03/06,4.86
01/04/06,
02/04/06,
03/04/06,4.85
04/04/06,4.57
05/04/06,4.16
06/04/06,4
07/04/06,4.13
08/04/06,
09/04/06,
10/04/06,4.3
11/04/06,
12/04/06,4.4
13/04/06,4.48
14/04/06,
15/04/06,
16/04/06,
17/04/06,4.84
18/04/06,4.82
19/04/06,4.68
20/04/06,4.55
21/04/06,
22/04/06,
23/04/06,
24/04/06,3.9
25/04/06,3.86
26/04/06,3.85
27/04/06,3.93
28/04/06,4
29/04/06,
30/04/06,
01/05/06,
02/05/06,4.63
03/05/06,4.87
04/05/06,4.77
05/05/06,4.84
06/05/06,
07/05/06,
08/05/06,4.95
09/05/06,4.97
10/05/06,4.99
11/05/06,5
12/05/06,5.01
13/05/06,
14/05/06,
15/05/06,4.9
16/05/06,4.87
17/05/06,4.85
18/05/06,4.83
19/05/06,4.88
20/05/06,
21/05/06,
22/05/06,5.1
23/05/06,5.16
24/05/06,5.15
25/05/06,5.15
26/05/06,5.12
27/05/06,
28/05/06,
29/05/06,5.33
30/05/06,5.3
31/05/06,5.37
01/06/06,5.43
02/06/06,5.49
03/06/06,
04/06/06,
05/06/06,5.8
06/06/06,6.08
07/06/06,6.14
08/06/06,6.16
09/06/06,6.63
10/06/06,6.75
11/06/06,6.72
12/06/06,6.52
13/06/06,6.33
14/06/06,6.15
15/06/06,6
16/06/06,5.88
17/06/06,5.8
18/06/06,5.76
19/06/06,5.71
20/06/06,5.65
21/06/06,5.62
22/06/06,5.59
23/06/06,5.62
24/06/06,5.66
25/06/06,5.7
26/06/06,5.72
27/06/06,5.75
28/06/06,5.76
29/06/06,5.75
30/06/06,5.73
01/07/06,5.77
02/07/06,5.92
03/07/06,5.9
04/07/06,5.79
05/07/06,5.67
06/07/06,5.58
07/07/06,5.48
08/07/06,5.5
09/07/06,5.53
10/07/06,6.02
11/07/06,7.55
12/07/06,8.35
13/07/06,8.72
14/07/06,8.98
15/07/06,9.14
16/07/06,9.18
17/07/06,9.17
18/07/06,9.11
19/07/06,9
20/07/06,8.93
21/07/06,8.85
22/07/06,8.78
23/07/06,8.77
24/07/06,8.72
25/07/06,8.64
26/07/06,8.55
27/07/06,8.44
28/07/06,8.35
29/07/06,8.28
30/07/06,8.23
31/07/06,8.19
01/08/06,8.17
02/08/06,8.14
03/08/06,8.1
04/08/06,8.03
05/08/06,7.92
06/08/06,7.8
07/08/06,7.62
08/08/06,7.45
09/08/06,7.31
10/08/06,7.21
11/08/06,7.18
12/08/06,7.29
13/08/06,7.5
14/08/06,7.56
15/08/06,7.53
16/08/06,7.46
17/08/06,7.42
18/08/06,7.31
19/08/06,7.21
20/08/06,7.15
21/08/06,7.1
22/08/06,7.16
23/08/06,7.35
24/08/06,7.73
25/08/06,7.91
26/08/06,7.97
27/08/06,8.02
28/08/06,7.97
29/08/06,7.9
30/08/06,8.04
31/08/06,8.02
01/09/06,8
02/09/06,7.86
03/09/06,7.67
04/09/06,7.52
05/09/06,7.4
06/09/06,7.39
07/09/06,7.4
08/09/06,7.29
09/09/06,7.18
10/09/06,7.15
11/09/06,7.22
12/09/06,7.34
13/09/06,7.49
14/09/06,7.56
15/09/06,6.56
16/09/06,7.52
17/09/06,7.45
18/09/06,7.35
19/09/06,7.25
20/09/06,7.15
21/09/06,7.22
22/09/06,7.61
23/09/06,8.66
24/09/06,9.27
25/09/06,9.57
26/09/06,9.81
27/09/06,9.99
28/09/06,10.09
29/09/06,10.11
30/09/06,10.07
01/10/06,9.98
02/10/06,9.85
03/10/06,9.72
04/10/06,9.61
05/10/06,9.48
06/10/06,9.35
07/10/06,9.21
08/10/06,9.05
09/10/06,8.85
10/10/06,8.6
11/10/06,8.34
12/10/06,8.07
13/10/06,7.83
14/10/06,7.6
15/10/06,7.39
16/10/06,7.13
17/10/06,6.98
18/10/06,6.88
19/10/06,6.8
20/10/06,9.77
21/10/06,
22/10/06,
23/10/06,6.7
24/10/06,
25/10/06,
26/10/06,6.59
27/10/06,6.55
28/10/06,
29/10/06,
30/10/06,6.38
31/10/06,6.3
01/11/06,6.24
02/11/06,6.24
03/11/06,6.24
04/11/06,
05/11/06,
06/11/06,6.23
07/11/06,6.2
08/11/06,6.16
09/11/06,6.15
10/11/06,6.11
11/11/06,
12/11/06,
13/11/06,6.08
14/11/06,6.08
15/11/06,6.08
16/11/06,6.07
17/11/06,6.05
18/11/06,
19/11/06,
20/11/06,6
21/11/06,5.99
22/11/06,5.99
23/11/06,5.98
24/11/06,5.96
25/11/06,
26/11/06,
27/11/06,5.92
28/11/06,5.92
29/11/06,5.92
30/11/06,5.92
01/12/06,5.82
02/12/06,
03/12/06,
04/12/06,5.82
05/12/06,5.82
06/12/06,5.82
07/12/06,5.86
08/12/06,5.88
09/12/06,
10/12/06,
11/12/06,5.85
12/12/06,5.85
13/12/06,5.85
14/12/06,
15/12/06,5.84
16/12/06,
17/12/06,
18/12/06,5.77
19/12/06,5.76
20/12/06,5.75
21/12/06,5.73
22/12/06,5.72
23/12/06,
24/12/06,
25/12/06,
26/12/06,5.7
27/12/06,5.68
28/12/06,5.66
29/12/06,5.63
30/12/06,
31/12/06,
01/01/07,
02/01/07,5.62
03/01/07,5.62
04/01/07,5.61
05/01/07,5.61
06/01/07,
07/01/07,
08/01/07,5.6
09/01/07,5.6
10/01/07,5.58
11/01/07,5.57
12/01/07,5.56
13/01/07,
14/01/07,
15/01/07,5.52
16/01/07,5.5
17/01/07,5.49
18/01/07,5.46
19/01/07,5.46
20/01/07,
21/01/07,
22/01/07,5.45
23/01/07,
24/01/07,5.44
25/01/07,5.44
26/01/07,
27/01/07,
28/01/07,
29/01/07,5.42
30/01/07,
31/01/07,5.41
01/02/07,5.4
02/02/07,5.38
03/02/07,
04/02/07,
05/02/07,5.33
06/02/07,5.26
07/02/07,5.23
08/02/07,5.22
09/02/07,5.2
10/02/07,
11/02/07,
12/02/07,5.09
13/02/07,5.05
14/02/07,5.09
15/02/07,5.13
16/02/07,5.17
17/02/07,
18/02/07,
19/02/07,5.34
20/02/07,5.4
21/02/07,5.42
22/02/07,5.43
23/02/07,5.45
24/02/07,
25/02/07,
26/02/07,5.48
27/02/07,5.49
28/02/07,5.5
01/03/07,5.52
02/03/07,5.53
03/03/07,
04/03/07,
05/03/07,5.54
06/03/07,5.55
07/03/07,5.56
08/03/07,5.56
09/03/07,5.55
10/03/07,
11/03/07,
12/03/07,5.5
13/03/07,5.49
14/03/07,5.48
15/03/07,5.48
16/03/07,5.49
17/03/07,
18/03/07,
19/03/07,5.54
20/03/07,5.56
21/03/07,5.57
22/03/07,5.57
23/03/07,5.56
24/03/07,
25/03/07,
26/03/07,5.48
27/03/07,5.46
28/03/07,5.43
29/03/07,5.41
30/03/07,5.43
31/03/07,
01/04/07,
02/04/07,5.46
03/04/07,5.45
04/04/07,5.45
05/04/07,5.45
06/04/07,
07/04/07,
08/04/07,
09/04/07,5.44
10/04/07,5.45
11/04/07,5.45
12/04/07,5.45
13/04/07,5.45
14/04/07,
15/04/07,
16/04/07,5.45
17/04/07,5.45
18/04/07,5.46
19/04/07,5.47
20/04/07,5.48
21/04/07,
22/04/07,
23/04/07,5.49
24/04/07,5.5
25/04/07,5.5
26/04/07,5.49
27/04/07,5.5
28/04/07,
29/04/07,
30/04/07,5.5
01/05/07,
02/05/07,5.49
03/05/07,5.49
04/05/07,5.5
05/05/07,
06/05/07,
07/05/07,5.5
08/05/07,5.51
09/05/07,
10/05/07,5.55
11/05/07,5.56
12/05/07,
13/05/07,
14/05/07,5.57
15/05/07,5.57
16/05/07,5.58
17/05/07,5.58
18/05/07,5.6
19/05/07,
20/05/07,
21/05/07,5.59
22/05/07,5.59
23/05/07,5.59
24/05/07,5.59
25/05/07,5.59
26/05/07,
27/05/07,
28/05/07,5.58
29/05/07,5.55
30/05/07,5.52
31/05/07,5.48
01/06/07,5.46
02/06/07,
03/06/07,
04/06/07,5.57
05/06/07,5.59
06/06/07,5.59
07/06/07,5.59
08/06/07,5.58
09/06/07,
10/06/07,
11/06/07,5.6
12/06/07,5.62
13/06/07,5.77
14/06/07,5.81
15/06/07,5.94
16/06/07,6.13
17/06/07,6.29
18/06/07,6.39
19/06/07,6.47
20/06/07,6.48
21/06/07,6.42
22/06/07,6.33
23/06/07,6.28
24/06/07,6.22
25/06/07,6.15
26/06/07,6.13
27/06/07,6.1
28/06/07,6
29/06/07,5.95
30/06/07,5.94
01/07/07,5.9
02/07/07,5.93
03/07/07,6
04/07/07,6.03
05/07/07,6.32
06/07/07,6.74
07/07/07,7.33
08/07/07,7.49
09/07/07,7.41
10/07/07,7.39
11/07/07,7.37
12/07/07,7.19
13/07/07,6.9
14/07/07,6.65
15/07/07,6.49
16/07/07,6.36
17/07/07,6.25
18/07/07,6.53
19/07/07,7.02
20/07/07,7.26
21/07/07,7.72
22/07/07,8.27
23/07/07,8.42
24/07/07,8.49
25/07/07,8.64
26/07/07,8.8
27/07/07,8.89
28/07/07,8.99
29/07/07,9.03
30/07/07,9.07
31/07/07,9.09
01/08/07,9.11
02/08/07,9.17
03/08/07,9.28
04/08/07,9.39
05/08/07,9.4
06/08/07,9.4
07/08/07,9.38
08/08/07,9.3
09/08/07,9.2
10/08/07,9.07
11/08/07,8.92
12/08/07,8.77
13/08/07,8.63
14/08/07,8.48
15/08/07,8.76
16/08/07,9.03
17/08/07,9.18
18/08/07,9.25
19/08/07,9.27
20/08/07,9.31
21/08/07,9.32
22/08/07,9.29
23/08/07,9.2
24/08/07,9.1
25/08/07,8.94
26/08/07,8.73
27/08/07,8.55
28/08/07,8.4
29/08/07,8.25
30/08/07,8.21
31/08/07,8.15
01/09/07,8.06
02/09/07,7.93
03/09/07,7.8
04/09/07,7.69
05/09/07,7.57
06/09/07,7.53
07/09/07,7.61
08/09/07,7.81
09/09/07,8.08
10/09/07,8.31
11/09/07,8.47
12/09/07,8.57
13/09/07,8.64
14/09/07,8.64
15/09/07,8.58
16/09/07,8.52
17/09/07,8.44
18/09/07,8.32
19/09/07,8.14
20/09/07,7.98
21/09/07,7.81
22/09/07,7.69
23/09/07,7.63
24/09/07,7.92
25/09/07,8.75
26/09/07,9.39
27/09/07,9.74
28/09/07,9.94
29/09/07,10.01
30/09/07,10.01
01/10/07,9.97
02/10/07,9.86
03/10/07,9.75
04/10/07,9.61
05/10/07,9.52
06/10/07,9.4
07/10/07,9.28
08/10/07,9.17
09/10/07,9.06
10/10/07,8.92
11/10/07,8.74
12/10/07,8.53
13/10/07,8.32
14/10/07,8.12
15/10/07,7.99
16/10/07,7.88
17/10/07,7.8
18/10/07,7.81
19/10/07,7.74
20/10/07,
21/10/07,
22/10/07,
23/10/07,7.39
24/10/07,7.3
25/10/07,
26/10/07,7.19
27/10/07,
28/10/07,
29/10/07,6.84
30/10/07,6.7
31/10/07,6.6
01/11/07,6.53
02/11/07,6.49
03/11/07,
04/11/07,
05/11/07,6.39
06/11/07,6.34
07/11/07,6.34
08/11/07,6.31
09/11/07,
10/11/07,
11/11/07,
12/11/07,6.15
13/11/07,6.11
14/11/07,6.08
15/11/07,6.06
16/11/07,6.03
17/11/07,
18/11/07,
19/11/07,6
20/11/07,5.97
21/11/07,5.95
22/11/07,5.96
23/11/07,5.97
24/11/07,
25/11/07,
26/11/07,5.95
27/11/07,5.94
28/11/07,5.93
29/11/07,5.91
30/11/07,5.9
01/12/07,
02/12/07,
03/12/07,5.86
04/12/07,5.85
05/12/07,5.84
06/12/07,5.84
07/12/07,5.83
08/12/07,
09/12/07,
10/12/07,5.82
11/12/07,5.82
12/12/07,5.81
13/12/07,5.81
14/12/07,5.8
15/12/07,
16/12/07,
17/12/07,5.79
18/12/07,5.76
19/12/07,5.74
20/12/07,5.73
21/12/07,
22/12/07,
23/12/07,
24/12/07,5.75
25/12/07,
26/12/07,5.75
27/12/07,5.75
28/12/07,5.75
29/12/07,
30/12/07,
31/12/07,5.72
01/01/08,5.7
02/01/08,5.69
03/01/08,5.67
04/01/08,5.63
05/01/08,
06/01/08,
07/01/08,5.6
08/01/08,5.59
09/01/08,5.58
10/01/08,5.58
11/01/08,5.56
12/01/08,
13/01/08,
14/01/08,5.54
15/01/08,5.53
16/01/08,5.5
17/01/08,5.5
18/01/08,5.51
19/01/08,
20/01/08,
21/01/08,5.55
22/01/08,5.54
23/01/08,
24/01/08,5.53
25/01/08,5.51
26/01/08,
27/01/08,
28/01/08,5.52
29/01/08,5.51
30/01/08,5.52
31/01/08,5.52
01/02/08,5.51
02/02/08,
03/02/08,
04/02/08,5.51
05/02/08,5.53
06/02/08,5.54
07/02/08,5.56
08/02/08,5.56
09/02/08,
10/02/08,
11/02/08,
12/02/08,5.57
13/02/08,5.57
14/02/08,5.54
15/02/08,5.52
16/02/08,
17/02/08,
18/02/08,5.46
19/02/08,5.43
20/02/08,5.46
21/02/08,5.45
22/02/08,5.46
23/02/08,
24/02/08,
25/02/08,5.35
26/02/08,5.28
27/02/08,5.2
28/02/08,5.16
29/02/08,5.16
01/03/08,
02/03/08,
03/03/08,5.1
04/03/08,5.05
05/03/08,5
06/03/08,4.95
07/03/08,4.87
08/03/08,
09/03/08,
10/03/08,4.83
11/03/08,4.84
12/03/08,4.85
13/03/08,4.75
14/03/08,4.66
15/03/08,
16/03/08,
17/03/08,4.33
18/03/08,4.25
19/03/08,4.18
20/03/08,4.12
21/03/08,
22/03/08,
23/03/08,
24/03/08,4.92
25/03/08,5.06
26/03/08,5.04
27/03/08,5.03
28/03/08,5.02
29/03/08,
30/03/08,
31/03/08,5.02
01/04/08,5.02
02/04/08,4.9
03/04/08,4.74
04/04/08,4.67
05/04/08,
06/04/08,
07/04/08,4.5
08/04/08,4.45
09/04/08,4.44
10/04/08,4.43
11/04/08,4.42
12/04/08,
13/04/08,
14/04/08,
15/04/08,4.94
16/04/08,4.99
17/04/08,5.02
18/04/08,5.03
19/04/08,
20/04/08,
21/04/08,5.02
22/04/08,5.02
23/04/08,5.01
24/04/08,4.85
25/04/08,4.66
26/04/08,
27/04/08,
28/04/08,4.54
29/04/08,4.41
30/04/08,4.27
01/05/08,
02/05/08,4.85
03/05/08,
04/05/08,
05/05/08,5.12
06/05/08,5.21
07/05/08,5.22
08/05/08,
09/05/08,5.25
10/05/08,
11/05/08,
12/05/08,5.22
13/05/08,
14/05/08,
15/05/08,4.95
16/05/08,4.87
17/05/08,
18/05/08,
19/05/08,5.13
20/05/08,5.18
21/05/08,5.15
22/05/08,5.11
23/05/08,5.06
24/05/08,
25/05/08,
26/05/08,5.08
27/05/08,5.1
28/05/08,5.12
29/05/08,5.14
30/05/08,5.16
31/05/08,
01/06/08,
02/06/08,5.12
03/06/08,5.12
04/06/08,5.15
05/06/08,5.27
06/06/08,5.39
07/06/08,5.45
08/06/08,5.5
09/06/08,5.55
10/06/08,5.66
11/06/08,5.82
12/06/08,5.92
13/06/08,5.95
14/06/08,5.92
15/06/08,5.87
16/06/08,5.86
17/06/08,5.88
18/06/08,5.93
19/06/08,6.05
20/06/08,6.23
21/06/08,6.33
22/06/08,6.36
23/06/08,6.35
24/06/08,6.29
25/06/08,6.2
26/06/08,6.07
27/06/08,6.95
28/06/08,6.89
29/06/08,6.88
30/06/08,6.86
01/07/08,6.03
02/07/08,6.43
03/07/08,6.76
04/07/08,7.09
05/07/08,7.39
06/07/08,7.66
07/07/08,8.03
08/07/08,8.16
09/07/08,8.18
10/07/08,8.12
11/07/08,7.99
12/07/08,7.87
13/07/08,7.79
14/07/08,7.69
15/07/08,7.97
16/07/08,8.21
17/07/08,8.42
18/07/08,8.55
19/07/08,8.56
20/07/08,8.57
21/07/08,8.66
22/07/08,8.75
23/07/08,8.83
24/07/08,8.88
25/07/08,8.86
26/07/08,8.77
27/07/08,8.69
28/07/08,8.6
29/07/08,8.48
30/07/08,8.39
31/07/08,8.26
01/08/08,8.14
02/08/08,8.03
03/08/08,7.95
04/08/08,7.91
05/08/08,7.82
06/08/08,7.73
07/08/08,7.62
08/08/08,7.56
09/08/08,7.55
10/08/08,7.82
11/08/08,7.82
12/08/08,8.02
13/08/08,8.25
14/08/08,8.52
15/08/08,8.65
16/08/08,8.72
17/08/08,8.82
18/08/08,8.85
19/08/08,8.85
20/08/08,8.82
21/08/08,8.83
22/08/08,8.87
23/08/08,8.88
24/08/08,8.88
25/08/08,8.77
26/08/08,8.62
27/08/08,8.41
28/08/08,8.19
29/08/08,7.99
30/08/08,7.92
31/08/08,8.12
01/09/08,8.22
02/09/08,8.24
03/09/08,8.22
04/09/08,8.14
05/09/08,8.04
06/09/08,7.94
07/09/08,7.84
08/09/08,7.64
09/09/08,7.64
10/09/08,7.54
11/09/08,7.42
12/09/08,7.3
13/09/08,7.16
14/09/08,7.06
15/09/08,6.93
16/09/08,6.83
17/09/08,6.88
18/09/08,7.03
19/09/08,7.14
20/09/08,7.28
21/09/08,7.4
22/09/08,7.44
23/09/08,7.37
24/09/08,7.31
25/09/08,7.35
26/09/08,7.59
27/09/08,7.59
28/09/08,7.89
29/09/08,8.06
30/09/08,8.12
01/10/08,8.18
02/10/08,8.29
03/10/08,8.25
04/10/08,8.11
05/10/08,7.92
06/10/08,7.72
07/10/08,7.57
08/10/08,7.45
09/10/08,7.34
10/10/08,7.22
11/10/08,7.1
12/10/08,7
13/10/08,6.89
14/10/08,6.8
15/10/08,6.72
16/10/08,6.65
17/10/08,6.56
18/10/08,6.47
19/10/08,6.39
20/10/08,6.35
21/10/08,6.39
22/10/08,6.26
23/10/08,6.18
24/10/08,6.12
25/10/08,6.09
26/10/08,6.11
27/10/08,6.17
28/10/08,6.22
29/10/08,6.3
30/10/08,6.34
31/10/08,6.32
01/11/08,
02/11/08,
03/11/08,6.08
04/11/08,6
05/11/08,5.95
06/11/08,5.9
07/11/08,5.85
08/11/08,
09/11/08,
10/11/08,5.76
11/11/08,5.76
12/11/08,5.76
13/11/08,
14/11/08,5.78
15/11/08,
16/11/08,
17/11/08,5.74
18/11/08,5.73
19/11/08,5.7
20/11/08,5.67
21/11/08,5.66
22/11/08,
23/11/08,
24/11/08,5.64
25/11/08,5.55
26/11/08,5.57
27/11/08,5.63
28/11/08,5.66
29/11/08,
30/11/08,
01/12/08,5.64
02/12/08,5.63
03/12/08,5.62
04/12/08,5.63
05/12/08,5.57
06/12/08,
07/12/08,
08/12/08,5.55
09/12/08,
10/12/08,5.52
11/12/08,5.51
12/12/08,5.5
13/12/08,
14/12/08,
15/12/08,5.5
16/12/08,5.52
17/12/08,5.57
18/12/08,5.56
19/12/08,5.53
20/12/08,
21/12/08,
22/12/08,5.5
23/12/08,5.5
24/12/08,5.5
25/12/08,
26/12/08,5.5
27/12/08,
28/12/08,
29/12/08,5.5
30/12/08,5.49
31/12/08,5.48
01/01/09,5.48
02/01/09,5.48
03/01/09,
04/01/09,
05/01/09,5.39
06/01/09,5.36
07/01/09,5.34
08/01/09,
09/01/09,5.35
10/01/09,
11/01/09,
12/01/09,5.4
13/01/09,5.42
14/01/09,5.41
15/01/09,5.4
16/01/09,5.38
17/01/09,
18/01/09,
19/01/09,5.36
20/01/09,5.31
21/01/09,5.32
22/01/09,5.31
23/01/09,
24/01/09,
25/01/09,
26/01/09,
27/01/09,5.3
28/01/09,5.31
29/01/09,5.3
30/01/09,5.3
31/01/09,
01/02/09,
02/02/09,5.29
03/02/09,5.28
04/02/09,5.27
05/02/09,5.27
06/02/09,5.27
07/02/09,
08/02/09,
09/02/09,5.28
10/02/09,5.28
11/02/09,5.29
12/02/09,5.32
13/02/09,5.34
14/02/09,
15/02/09,
16/02/09,5.25
17/02/09,5.23
18/02/09,5.21
19/02/09,5.2
20/02/09,5.19
21/02/09,
22/02/09,
23/02/09,5.15
24/02/09,5.1
25/02/09,5.01
26/02/09,5
27/02/09,4.94
28/02/09,
01/03/09,
02/03/09,4.88
03/03/09,4.82
04/03/09,4.81
05/03/09,4.8
06/03/09,4.78
07/03/09,
08/03/09,
09/03/09,4.78
10/03/09,
11/03/09,
12/03/09,4.75
13/03/09,4.6
14/03/09,
15/03/09,
16/03/09,4.5
17/03/09,4.1
18/03/09,3.99
19/03/09,3.9
20/03/09,3.83
21/03/09,
22/03/09,
23/03/09,3.77
24/03/09,4.06
25/03/09,4.26
26/03/09,4.57
27/03/09,4.95
28/03/09,
29/03/09,
30/03/09,5.05
31/03/09,5.09
01/04/09,5.08
02/04/09,5.05
03/04/09,4.9
04/04/09,
05/04/09,
06/04/09,4.65
07/04/09,4.55
08/04/09,4.45
09/04/09,4.32
10/04/09,
11/04/09,
12/04/09,
13/04/09,4.44
14/04/09,
15/04/09,
16/04/09,4.83
17/04/09,4.85
18/04/09,
19/04/09,
20/04/09,4.9
21/04/09,4.88
22/04/09,4.37
23/04/09,4.86
24/04/09,4.77
25/04/09,
26/04/09,
27/04/09,4.32
28/04/09,4.24
29/04/09,4.23
30/04/09,4.33
01/05/09,
02/05/09,
03/05/09,
04/05/09,4.62
05/05/09,4.71
06/05/09,
07/05/09,
08/05/09,4.89
09/05/09,
10/05/09,
11/05/09,5.01
12/05/09,5
13/05/09,5.01
14/05/09,4.9
15/05/09,4.84
16/05/09,
17/05/09,
18/05/09,4.76
19/05/09,4.71
20/05/09,4.66
21/05/09,4.67
22/05/09,4.74
23/05/09,
24/05/09,
25/05/09,4.94
26/05/09,5.18
27/05/09,5.51
28/05/09,5.86
29/05/09,6.14
30/05/09,6.26
31/05/09,6.27
01/06/09,6.18
02/06/09,5.97
03/06/09,5.78
04/06/09,5.66
05/06/09,5.59
06/06/09,5.53
07/06/09,5.49
08/06/09,5.46
09/06/09,5.44
10/06/09,5.42
11/06/09,5.41
12/06/09,5.41
13/06/09,5.4
14/06/09,5.39
15/06/09,5.4
16/06/09,5.38
17/06/09,5.34
18/06/09,5.32
19/06/09,5.31
20/06/09,5.31
21/06/09,5.31
22/06/09,5.33
23/06/09,5.33
24/06/09,5.35
25/06/09,5.36
26/06/09,5.37
27/06/09,5.38
28/06/09,5.39
29/06/09,5.38
30/06/09,5.4
01/07/09,5.44
02/07/09,5.44
03/07/09,5.46
04/07/09,5.5
05/07/09,5.55
06/07/09,5.57
07/07/09,5.6
08/07/09,5.6
09/07/09,5.61
10/07/09,5.63
11/07/09,5.63
12/07/09,5.61
13/07/09,5.58
14/07/09,5.54
15/07/09,5.51
16/07/09,5.5
17/07/09,5.47
18/07/09,5.44
19/07/09,5.43
20/07/09,5.42
21/07/09,5.41
22/07/09,5.51
23/07/09,5.83
24/07/09,5.85
25/07/09,5.81
26/07/09,5.79
27/07/09,5.79
28/07/09,5.77
29/07/09,5.74
30/07/09,5.77
31/07/09,5.81
01/08/09,5.87
02/08/09,5.99
03/08/09,6.09
04/08/09,6.26
05/08/09,6.5
06/08/09,6.7
07/08/09,6.84
08/08/09,6.91
09/08/09,6.93
10/08/09,7.02
11/08/09,7.07
12/08/09,7.07
13/08/09,7.02
14/08/09,6.97
15/08/09,6.92
16/08/09,7.1
17/08/09,7.15
18/08/09,7.12
19/08/09,7.09
20/08/09,7.12
21/08/09,7.19
22/08/09,7.28
23/08/09,7.5
24/08/09,7.6
25/08/09,7.59
26/08/09,7.56
27/08/09,7.53
28/08/09,7.53
29/08/09,7.54
30/08/09,7.59
31/08/09,7.75
01/09/09,7.72
02/09/09,7.61
03/09/09,7.5
04/09/09,7.45
05/09/09,7.44
06/09/09,7.53
07/09/09,7.65
08/09/09,8.5
09/09/09,8.87
10/09/09,8.94
11/09/09,8.99
12/09/09,9
13/09/09,8.97
14/09/09,8.9
15/09/09,8.81
16/09/09,8.72
17/09/09,8.62
18/09/09,8.5
19/09/09,8.38
20/09/09,8.27
21/09/09,8.16
22/09/09,8.09
23/09/09,8
24/09/09,7.83
25/09/09,7.65
26/09/09,7.5
27/09/09,7.31
28/09/09,7.15
29/09/09,7
30/09/09,6.88
01/10/09,6.79
02/10/09,6.7
03/10/09,6.68
04/10/09,6.69
05/10/09,6.72
06/10/09,6.73
07/10/09,6.81
08/10/09,6.93
09/10/09,7.12
10/10/09,7.51
11/10/09,7.56
12/10/09,7.5
13/10/09,7.39
14/10/09,7.29
15/10/09,7.2
16/10/09,7.13
17/10/09,
18/10/09,
19/10/09,
20/10/09,6.84
21/10/09,6.7
22/10/09,6.56
23/10/09,6.47
24/10/09,
25/10/09,
26/10/09,6.24
27/10/09,6.17
28/10/09,6.13
29/10/09,6.11
30/10/09,6.05
31/10/09,
01/11/09,
02/11/09,
03/11/09,6.04
04/11/09,6.02
05/11/09,6.02
06/11/09,6
07/11/09,
08/11/09,
09/11/09,5.89
10/11/09,5.8
11/11/09,5.7
12/11/09,5.67
13/11/09,5.72
14/11/09,
15/11/09,
16/11/09,5.75
17/11/09,5.75
18/11/09,5.75
19/11/09,5.76
20/11/09,5.75
21/11/09,
22/11/09,
23/11/09,5.71
24/11/09,5.7
25/11/09,5.7
26/11/09,5.7
27/11/09,5.7
28/11/09,
29/11/09,
30/11/09,5.7
01/12/09,5.71
02/12/09,5.72
03/12/09,5.73
04/12/09,5.72
05/12/09,
06/12/09,
07/12/09,5.71
08/12/09,5.71
09/12/09,5.7
10/12/09,5.68
11/12/09,5.66
12/12/09,
13/12/09,
14/12/09,5.66
15/12/09,5.66
16/12/09,5.67
17/12/09,5.66
18/12/09,5.65
19/12/09,
20/12/09,
21/12/09,5.65
22/12/09,5.64
23/12/09,5.61
24/12/09,5.58
25/12/09,
26/12/09,
27/12/09,
28/12/09,
29/12/09,5.48
30/12/09,5.5
31/12/09,5.65
01/01/10,5.49
02/01/10,
03/01/10,
04/01/10,5.48
05/01/10,5.47
06/01/10,5.46
07/01/10,5.44
08/01/10,5.44
09/01/10,
10/01/10,
11/01/10,5.4
12/01/10,5.39
13/01/10,5.38
14/01/10,5.4
15/01/10,5.42
16/01/10,
17/01/10,
18/01/10,
19/01/10,5.46
20/01/10,
21/01/10,5.44
22/01/10,5.42
23/01/10,
24/01/10,
25/01/10,5.39
26/01/10,
27/01/10,5.37
28/01/10,5.38
29/01/10,5.39
30/01/10,
31/01/10,
01/02/10,5.42
02/02/10,5.43
03/02/10,5.43
04/02/10,5.42
05/02/10,5.42
06/02/10,
07/02/10,
08/02/10,5.39
09/02/10,5.38
10/02/10,5.35
11/02/10,5.3
12/02/10,5.27
13/02/10,
14/02/10,
15/02/10,5.22
16/02/10,5.2
17/02/10,5.18
18/02/10,5.17
19/02/10,5.1
20/02/10,
21/02/10,
22/02/10,4.92
23/02/10,4.93
24/02/10,4.94
25/02/10,4.95
26/02/10,4.95
27/02/10,
28/02/10,
01/03/10,4.94
02/03/10,4.94
03/03/10,4.95
04/03/10,4.93
05/03/10,4.9
06/03/10,
07/03/10,
08/03/10,4.5
09/03/10,4.4
10/03/10,4.39
11/03/10,4.39
12/03/10,4.34
13/03/10,
14/03/10,
15/03/10,4.3
16/03/10,4.29
17/03/10,4.33
18/03/10,4.37
19/03/10,4.3
20/03/10,
21/03/10,
22/03/10,4.05
23/03/10,4.08
24/03/10,4.2
25/03/10,4.35
26/03/10,4.45
27/03/10,
28/03/10,
29/03/10,4.8
30/03/10,4.86
31/03/10,4.93
01/04/10,4.95
02/04/10,
03/04/10,
04/04/10,
05/04/10,4.35
06/04/10,4.2
07/04/10,4.14
08/04/10,4.08
09/04/10,4.02
10/04/10,
11/04/10,
12/04/10,3.98
13/04/10,3.92
14/04/10,4.03
15/04/10,
16/04/10,4.74
17/04/10,
18/04/10,
19/04/10,4.84
20/04/10,4.91
21/04/10,4.94
22/04/10,4.97
23/04/10,4.9
24/04/10,
25/04/10,
26/04/10,4.5
27/04/10,
28/04/10,4.4
29/04/10,4.34
30/04/10,4.25
01/05/10,
02/05/10,
03/05/10,5.02
04/05/10,5.02
05/05/10,4.98
06/05/10,4.93
07/05/10,4.95
08/05/10,
09/05/10,
10/05/10,5.04
11/05/10,5.04
12/05/10,5
13/05/10,5.06
14/05/10,4.99
15/05/10,
16/05/10,
17/05/10,4.9
18/05/10,4.8
19/05/10,4.69
20/05/10,4.68
21/05/10,4.69
22/05/10,
23/05/10,
24/05/10,4.69
25/05/10,4.72
26/05/10,4.75
27/05/10,4.82
28/05/10,4.83
29/05/10,
30/05/10,
31/05/10,5.1
01/06/10,5.22
02/06/10,5.23
03/06/10,5.24
04/06/10,5.28
05/06/10,5.29
06/06/10,5.3
07/06/10,5.32
08/06/10,5.31
09/06/10,5.33
10/06/10,5.37
11/06/10,5.37
12/06/10,5.4
13/06/10,5.4
14/06/10,5.42
15/06/10,5.42
16/06/10,5.4
17/06/10,5.44
18/06/10,5.44
19/06/10,5.43
20/06/10,5.43
21/06/10,5.45
22/06/10,5.47
23/06/10,5.48
24/06/10,5.5
25/06/10,5.52
26/06/10,5.61
27/06/10,5.64
28/06/10,5.7
29/06/10,5.77
30/06/10,5.82
01/07/10,5.84
02/07/10,5.83
03/07/10,5.85
04/07/10,5.79
05/07/10,5.72
06/07/10,5.65
07/07/10,5.58
08/07/10,5.53
09/07/10,5.52
10/07/10,5.5
11/07/10,5.5
12/07/10,5.5
13/07/10,5.57
14/07/10,5.74
15/07/10,5.94
16/07/10,6.08
17/07/10,6.14
18/07/10,6.1
19/07/10,6
20/07/10,5.88
21/07/10,5.77
22/07/10,5.69
23/07/10,5.63
24/07/10,5.62
25/07/10,5.64
26/07/10,5.69
27/07/10,5.71
28/07/10,5.72
29/07/10,5.73
30/07/10,5.78
31/07/10,5.92
01/08/10,6.02
02/08/10,6.09
03/08/10,6.25
04/08/10,6.33
05/08/10,6.38
06/08/10,6.35
07/08/10,6.26
08/08/10,6.18
09/08/10,6.1
10/08/10,6.06
11/08/10,6.06
12/08/10,6.11
13/08/10,6.18
14/08/10,6.21
15/08/10,6.31
16/08/10,6.37
17/08/10,6.34
18/08/10,6.32
19/08/10,6.33
20/08/10,6.27
21/08/10,6.23
22/08/10,6.24
23/08/10,6.36
24/08/10,6.39
25/08/10,6.45
26/08/10,6.57
27/08/10,6.9
28/08/10,7.13
29/08/10,7.13
30/08/10,7.05
31/08/10,6.96
01/09/10,6.89
02/09/10,6.85
03/09/10,6.79
04/09/10,6.74
05/09/10,6.71
06/09/10,6.68
07/09/10,6.65
08/09/10,6.66
09/09/10,6.68
10/09/10,6.67
11/09/10,6.73
12/09/10,6.69
13/09/10,6.79
14/09/10,6.79
15/09/10,6.8
16/09/10,6.87
17/09/10,6.91
18/09/10,7.01
19/09/10,7.06
20/09/10,7.08
21/09/10,7.06
22/09/10,7.11
23/09/10,7.16
24/09/10,7.25
25/09/10,7.38
26/09/10,7.57
27/09/10,7.63
28/09/10,7.6
29/09/10,7.54
30/09/10,7.44
01/10/10,7.3
02/10/10,7.14
03/10/10,6.94
04/10/10,6.8
05/10/10,6.67
06/10/10,6.57
07/10/10,6.55
08/10/10,6.61
09/10/10,6.69
10/10/10,6.72
11/10/10,6.7
12/10/10,6.66
13/10/10,6.5
14/10/10,6.5
15/10/10,6.47
16/10/10,
17/10/10,
18/10/10,
19/10/10,6.16
20/10/10,6.1
21/10/10,6.07
22/10/10,
23/10/10,
24/10/10,
25/10/10,6.04
26/10/10,6.05
27/10/10,6.01
28/10/10,6
29/10/10,5.98
30/10/10,
31/10/10,
01/11/10,5.96
02/11/10,5.95
03/11/10,5.95
04/11/10,5.95
05/11/10,5.95
06/11/10,
07/11/10,
08/11/10,5.95
09/11/10,5.96
10/11/10,5.91
11/11/10,5.9
12/11/10,5.89
13/11/10,
14/11/10,
15/11/10,5.85
16/11/10,5.84
17/11/10,
18/11/10,5.83
19/11/10,5.83
20/11/10,
21/11/10,
22/11/10,5.82
23/11/10,5.81
24/11/10,5.81
25/11/10,5.8
26/11/10,5.79
27/11/10,
28/11/10,
29/11/10,5.75
30/11/10,5.74
01/12/10,5.74
02/12/10,5.73
03/12/10,5.73
04/12/10,
05/12/10,
06/12/10,5.74
07/12/10,5.75
08/12/10,5.74
09/12/10,5.76
10/12/10,5.75
11/12/10,
12/12/10,
13/12/10,5.76
14/12/10,5.75
15/12/10,5.76
16/12/10,5.76
17/12/10,
18/12/10,
19/12/10,
20/12/10,5.78
21/12/10,5.79
22/12/10,5.79
23/12/10,5.8
24/12/10,5.8
25/12/10,
26/12/10,
27/12/10,5.8
28/12/10,5.8
29/12/10,5.79
30/12/10,5.78
31/12/10,5.78
01/01/11,
02/01/11,
03/01/11,5.76
04/01/11,5.76
05/01/11,5.76
06/01/11,5.75
07/01/11,5.75
08/01/11,
09/01/11,
10/01/11,5.74
11/01/11,5.74
12/01/11,5.73
13/01/11,5.7
14/01/11,5.6
15/01/11,
16/01/11,
17/01/11,5.45
18/01/11,5.39
19/01/11,5.41
20/01/11,5.43
21/01/11,5.44
22/01/11,
23/01/11,
24/01/11,5.44
25/01/11,5.43
26/01/11,
27/01/11,5.36
28/01/11,5.33
29/01/11,
30/01/11,
31/01/11,5.32
01/02/11,5.31
02/02/11,5.31
03/02/11,5.3
04/02/11,5.3
05/02/11,
06/02/11,
07/02/11,5.22
08/02/11,
09/02/11,5.1
10/02/11,4.94
11/02/11,4.91
12/02/11,
13/02/11,
14/02/11,4.95
15/02/11,4.94
16/02/11,
17/02/11,4.92
18/02/11,4.93
19/02/11,
20/02/11,
21/02/11,4.96
22/02/11,4.97
23/02/11,4.92
24/02/11,4.92
25/02/11,4.91
26/02/11,
27/02/11,
28/02/11,4.9
01/03/11,4.9
02/03/11,4.89
03/03/11,4.91
04/03/11,4.93
05/03/11,
06/03/11,
07/03/11,4.88
08/03/11,4.85
09/03/11,4.84
10/03/11,4.83
11/03/11,4.7
12/03/11,
13/03/11,
14/03/11,4.66
15/03/11,4.27
16/03/11,4.28
17/03/11,4.32
18/03/11,4.37
19/03/11,
20/03/11,
21/03/11,4.5
22/03/11,4.54
23/03/11,4.64
24/03/11,4.73
25/03/11,4.9
26/03/11,
27/03/11,
28/03/11,4.75
29/03/11,4.7
30/03/11,4.69
31/03/11,4.68
01/04/11,4.65
02/04/11,
03/04/11,
04/04/11,4.55
05/04/11,4.5
06/04/11,4.45
07/04/11,4.4
08/04/11,4.36
09/04/11,
10/04/11,
11/04/11,4.25
12/04/11,4.15
13/04/11,4.07
14/04/11,4.13
15/04/11,4.22
16/04/11,
17/04/11,
18/04/11,4.81
19/04/11,4.85
20/04/11,4.8
21/04/11,4.7
22/04/11,
23/04/11,
24/04/11,
25/04/11,4.3
26/04/11,4.22
27/04/11,4.29
28/04/11,4.39
29/04/11,4.49
30/04/11,
01/05/11,
02/05/11,4.6
03/05/11,4.62
04/05/11,4.67
05/05/11,4.78
06/05/11,4.78
07/05/11,
08/05/11,
09/05/11,
10/05/11,5.03
11/05/11,5.03
12/05/11,5.04
13/05/11,5.04
14/05/11,
15/05/11,
16/05/11,5.05
17/05/11,5.1
18/05/11,5.14
19/05/11,5.17
20/05/11,5.17
21/05/11,
22/05/11,
23/05/11,5.15
24/05/11,5.15
25/05/11,5.15
26/05/11,5.22
27/05/11,5.32
28/05/11,
29/05/11,
30/05/11,5.51
31/05/11,5.57
01/06/11,5.58
02/06/11,5.5
03/06/11,5.42
04/06/11,5.41
05/06/11,5.43
06/06/11,5.41
07/06/11,5.43
08/06/11,5.42
09/06/11,5.41
10/06/11,5.4
11/06/11,5.38
12/06/11,5.38
13/06/11,5.4
14/06/11,5.46
15/06/11,5.55
16/06/11,5.6
17/06/11,5.62
18/06/11,5.74
19/06/11,5.92
20/06/11,6.28
21/06/11,7.02
22/06/11,7.31
23/06/11,7.33
24/06/11,7.21
25/06/11,7.02
26/06/11,6.85
27/06/11,6.8
28/06/11,6.88
29/06/11,7.33
30/06/11,7.55
01/07/11,7.67
02/07/11,7.68
03/07/11,7.73
04/07/11,7.78
05/07/11,7.75
06/07/11,7.71
07/07/11,7.67
08/07/11,7.63
09/07/11,7.55
10/07/11,7.43
11/07/11,7.3
12/07/11,7.18
13/07/11,7.04
14/07/11,6.92
15/07/11,6.88
16/07/11,6.86
17/07/11,6.77
18/07/11,6.7
19/07/11,6.63
20/07/11,6.69
21/07/11,6.86
22/07/11,7.12
23/07/11,7.36
24/07/11,7.53
25/07/11,7.61
26/07/11,7.58
27/07/11,7.42
28/07/11,7.24
29/07/11,7.1
30/07/11,7.02
31/07/11,6.99
01/08/11,7
02/08/11,7.02
03/08/11,7.1
04/08/11,7.12
05/08/11,7.23
06/08/11,7.49
07/08/11,7.73
08/08/11,8.22
09/08/11,8.56
10/08/11,8.94
11/08/11,9.14
12/08/11,9.27
13/08/11,9.36
14/08/11,9.39
15/08/11,9.38
16/08/11,9.38
17/08/11,9.37
18/08/11,9.33
19/08/11,9.32
20/08/11,9.31
21/08/11,9.25
22/08/11,9.19
23/08/11,9.12
24/08/11,9.02
25/08/11,8.93
26/08/11,8.77
27/08/11,8.67
28/08/11,8.63
29/08/11,8.54
30/08/11,8.4
31/08/11,8.28
01/09/11,8.14
02/09/11,8
03/09/11,7.87
04/09/11,7.72
05/09/11,7.62
06/09/11,7.53
07/09/11,7.45
08/09/11,7.4
09/09/11,7.4
10/09/11,7.42
11/09/11,7.42
12/09/11,7.45
13/09/11,7.45
14/09/11,7.49
15/09/11,7.56
16/09/11,7.73
17/09/11,8.07
18/09/11,8.33
19/09/11,8.43
20/09/11,8.47
21/09/11,8.52
22/09/11,5.54
23/09/11,8.49
24/09/11,8.47
25/09/11,8.45
26/09/11,8.4
27/09/11,8.37
28/09/11,8.31
29/09/11,8.2
30/09/11,8.04
01/10/11,7.9
02/10/11,7.73
03/10/11,7.59
04/10/11,7.44
05/10/11,7.27
06/10/11,7.09
07/10/11,6.9
08/10/11,6.74
09/10/11,6.58
10/10/11,6.47
11/10/11,6.42
12/10/11,6.32
13/10/11,6.28
14/10/11,6.27
15/10/11,6.28
16/10/11,6.25
17/10/11,6.24
18/10/11,6.22
19/10/11,6.22
20/10/11,6.21
21/10/11,6.2
22/10/11,6.24
23/10/11,6.19
24/10/11,6.16
25/10/11,6.2
26/10/11,6.21
27/10/11,6.24
28/10/11,6.23
29/10/11,6.22
30/10/11,6.21
31/10/11,6.18
01/11/11,6.18
02/11/11,6.17
03/11/11,6.15
04/11/11,6.1
05/11/11,
06/11/11,
07/11/11,
08/11/11,5.85
09/11/11,5.8
10/11/11,
11/11/11,5.79
12/11/11,
13/11/11,
14/11/11,5.76
15/11/11,5.74
16/11/11,5.71
17/11/11,5.7
18/11/11,5.72
19/11/11,
20/11/11,
21/11/11,5.7
22/11/11,5.66
23/11/11,5.66
24/11/11,5.65
25/11/11,5.65
26/11/11,
27/11/11,
28/11/11,5.66
29/11/11,5.64
30/11/11,5.63
01/12/11,5.63
02/12/11,5.62
03/12/11,
04/12/11,
05/12/11,5.61
06/12/11,
07/12/11,5.61
08/12/11,5.61
09/12/11,5.6
10/12/11,
11/12/11,
12/12/11,5.6
13/12/11,5.56
14/12/11,5.5
15/12/11,5.5
16/12/11,5.5
17/12/11,
18/12/11,
19/12/11,5.48
20/12/11,5.45
21/12/11,5.44
22/12/11,5.43
23/12/11,5.42
24/12/11,
25/12/11,
26/12/11,5.4
27/12/11,5.38
28/12/11,5.36
29/12/11,5.3
30/12/11,5.25
31/12/11,
01/01/12,
02/01/12,5.2
03/01/12,5.15
04/01/12,5.11
05/01/12,5.08
06/01/12,5.05
07/01/12,
08/01/12,
09/01/12,5
10/01/12,4.95
11/01/12,4.92
12/01/12,4.91
13/01/12,4.9
14/01/12,
15/01/12,
16/01/12,4.88
17/01/12,4.85
18/01/12,4.83
19/01/12,4.8
20/01/12,4.78
21/01/12,
22/01/12,
23/01/12,
24/01/12,4.75
25/01/12,4.73
26/01/12,
27/01/12,4.68
28/01/12,
29/01/12,
30/01/12,4.63
31/01/12,4.6
01/02/12,4.56
02/02/12,4.5
03/02/12,4.47
04/02/12,
05/02/12,
06/02/12,4.4
07/02/12,4.35
08/02/12,4.32
09/02/12,4.3
10/02/12,4.25
11/02/12,
12/02/12,
13/02/12,4.15
14/02/12,4.1
15/02/12,4.08
16/02/12,4.07
17/02/12,4.05
18/02/12,
19/02/12,
20/02/12,4
21/02/12,4.14
22/02/12,4.18
23/02/12,4.16
24/02/12,4.15
25/02/12,
26/02/12,4.22
27/02/12,4.2
28/02/12,4.18
29/02/12,
01/03/12,4.17
02/03/12,4.18
03/03/12,
04/03/12,
05/03/12,4.62
06/03/12,4.55
07/03/12,4.62
08/03/12,
09/03/12,4.62
10/03/12,
11/03/12,
12/03/12,4.63
13/03/12,4.62
14/03/12,4.61
15/03/12,4.59
16/03/12,4.57
17/03/12,
18/03/12,
19/03/12,4.52
20/03/12,4.58
21/03/12,4.6
22/03/12,4.61
23/03/12,4.65
24/03/12,
25/03/12,
26/03/12,4.87
27/03/12,4.87
28/03/12,4.87
29/03/12,4.88
30/03/12,4.88
31/03/12,
01/04/12,
02/04/12,4.86
03/04/12,4.83
04/04/12,4.8
05/04/12,4.83
06/04/12,
07/04/12,
08/04/12,
09/04/12,4.98
10/04/12,4.96
11/04/12,4.94
12/04/12,4.9
13/04/12,4.87
14/04/12,
15/04/12,
16/04/12,4.83
17/04/12,4.84
18/04/12,4.9
19/04/12,5.06
20/04/12,5.08
21/04/12,
22/04/12,
23/04/12,5.24
24/04/12,5.24
25/04/12,5.23
26/04/12,5.22
27/04/12,5.18
28/04/12,
29/04/12,
30/04/12,5.06
01/05/12,
02/05/12,5.14
03/05/12,5.2
04/05/12,5.15
05/05/12,
06/05/12,
07/05/12,5.05
08/05/12,
09/05/12,5
10/05/12,5
11/05/12,5
12/05/12,
13/05/12,
14/05/12,4.92
15/05/12,4.88
16/05/12,4.84
17/05/12,4.8
18/05/12,4.77
19/05/12,
20/05/12,
21/05/12,4.75
22/05/12,4.76
23/05/12,4.79
24/05/12,4.79
25/05/12,4.82
26/05/12,
27/05/12,
28/05/12,4.88
29/05/12,4.85
30/05/12,4.84
31/05/12,4.75
01/06/12,4.76
02/06/12,4.8
03/06/12,4.86
04/06/12,5.1
05/06/12,5.27
06/06/12,5.35
07/06/12,5.36
08/06/12,5.35
09/06/12,5.33
10/06/12,5.31
11/06/12,5.3
12/06/12,5.4
13/06/12,5.42
14/06/12,5.44
15/06/12,5.45
16/06/12,5.46
17/06/12,5.5
18/06/12,5.49
19/06/12,5.52
20/06/12,5.53
21/06/12,5.54
22/06/12,5.54
23/06/12,5.58
24/06/12,5.61
25/06/12,5.59
26/06/12,5.59
27/06/12,5.69
28/06/12,5.68
29/06/12,5.64
30/06/12,5.61
01/07/12,5.59
02/07/12,5.55
03/07/12,5.55
04/07/12,5.59
05/07/12,5.63
06/07/12,5.62
07/07/12,5.65
08/07/12,5.66
09/07/12,5.71
10/07/12,5.83
11/07/12,5.81
12/07/12,5.77
13/07/12,5.74
14/07/12,5.76
15/07/12,5.84
16/07/12,6.01
17/07/12,6.14
18/07/12,6.3
19/07/12,6.37
20/07/12,6.29
21/07/12,6.2
22/07/12,6.34
23/07/12,6.35
24/07/12,6.27
25/07/12,6.12
26/07/12,6.01
27/07/12,5.92
28/07/12,5.9
29/07/12,5.92
30/07/12,5.98
31/07/12,6.2
01/08/12,6.37
02/08/12,6.41
03/08/12,6.41
04/08/12,6.33
05/08/12,6.25
06/08/12,6.2
07/08/12,6.25
08/08/12,6.3
09/08/12,6.35
10/08/12,6.44
11/08/12,6.53
12/08/12,6.58
13/08/12,6.61
14/08/12,6.75
15/08/12,7.01
16/08/12,7.24
17/08/12,7.38
18/08/12,7.45
19/08/12,7.75
20/08/12,7.73
21/08/12,7.51
22/08/12,7.29
23/08/12,7.01
24/08/12,6.79
25/08/12,6.68
26/08/12,6.58
27/08/12,6.48
28/08/12,6.52
29/08/12,6.5
30/08/12,6.47
31/08/12,6.47
01/09/12,6.49
02/09/12,6.5
03/09/12,6.49
04/09/12,6.51
05/09/12,6.55
06/09/12,6.57
07/09/12,6.6
08/09/12,6.59
09/09/12,6.58
10/09/12,6.6
11/09/12,6.55
12/09/12,6.61
13/09/12,6.63
14/09/12,6.6
15/09/12,6.58
16/09/12,6.72
17/09/12,7.01
18/09/12,7.23
19/09/12,7.34
20/09/12,7.39
21/09/12,7.35
22/09/12,7.36
23/09/12,7.34
24/09/12,7.21
25/09/12,7.13
26/09/12,7.09
27/09/12,7.05
28/09/12,6.95
29/09/12,6.83
30/09/12,6.77
01/10/12,6.69
02/10/12,6.55
03/10/12,6.58
04/10/12,6.59
05/10/12,6.56
06/10/12,6.64
07/10/12,6.71
08/10/12,6.71
09/10/12,6.67
10/10/12,6.61
11/10/12,6.54
12/10/12,6.49
13/10/12,6.45
14/10/12,6.38
15/10/12,6.27
16/10/12,6.19
17/10/12,6.12
18/10/12,6.05
19/10/12,5.97
20/10/12,
21/10/12,
22/10/12,
23/10/12,
24/10/12,
25/10/12,
26/10/12,
27/10/12,
28/10/12,
29/10/12,
30/10/12,5.55
31/10/12,5.52
01/11/12,5.56
02/11/12,5.58
03/11/12,
04/11/12,
05/11/12,5.61
06/11/12,5.75
07/11/12,5.91
08/11/12,6.09
09/11/12,6.25
10/11/12,
11/11/12,
12/11/12,6.22
13/11/12,
14/11/12,6.15
15/11/12,
16/11/12,5.98
17/11/12,
18/11/12,
19/11/12,5.64
20/11/12,5.64
21/11/12,5.6
22/11/12,5.56
23/11/12,5.53
24/11/12,
25/11/12,
26/11/12,5.5
27/11/12,5.49
28/11/12,5.49
29/11/12,5.52
30/11/12,5.5
01/12/12,
02/12/12,
03/12/12,5.46
04/12/12,5.46
05/12/12,5.45
06/12/12,5.45
07/12/12,5.45
08/12/12,
09/12/12,
10/12/12,5.49
11/12/12,5.5
12/12/12,5.5
13/12/12,5.52
14/12/12,5.5
15/12/12,
16/12/12,
17/12/12,5.5
18/12/12,5.49
19/12/12,5.47
20/12/12,5.45
21/12/12,5.44
22/12/12,
23/12/12,
24/12/12,5.43
25/12/12,
26/12/12,5.42
27/12/12,5.42
28/12/12,5.44
29/12/12,
30/12/12,
31/12/12,5.47
01/01/13,5.46
02/01/13,5.45
03/01/13,5.44
04/01/13,5.43
05/01/13,
06/01/13,
07/01/13,5.35
08/01/13,5.34
09/01/13,5.32
10/01/13,5.31
11/01/13,5.3
12/01/13,
13/01/13,
14/01/13,5.36
15/01/13,5.37
16/01/13,5.36
17/01/13,5.34
18/01/13,5.33
19/01/13,
20/01/13,
21/01/13,5.3
22/01/13,5.29
23/01/13,
24/01/13,5.28
25/01/13,
26/01/13,
27/01/13,
28/01/13,5.25
29/01/13,5.23
30/01/13,5.23
31/01/13,5.23
01/02/13,5.22
02/02/13,
03/02/13,
04/02/13,5.2
05/02/13,5.19
06/02/13,5.19
07/02/13,5.19
08/02/13,5.2
09/02/13,
10/02/13,
11/02/13,5.23
12/02/13,5.25
13/02/13,5.24
14/02/13,5.22
15/02/13,
16/02/13,
17/02/13,
18/02/13,5.2
19/02/13,5.19
20/02/13,5.19
21/02/13,5.18
22/02/13,5.18
23/02/13,
24/02/13,
25/02/13,5.19
26/02/13,5.19
27/02/13,5.19
28/02/13,5.19
01/03/13,5.2
02/03/13,
03/03/13,
04/03/13,5.17
05/03/13,5.18
06/03/13,5.18
07/03/13,5.18
08/03/13,5.19
09/03/13,
10/03/13,
11/03/13,5.2
12/03/13,5.2
13/03/13,5.2
14/03/13,5.21
15/03/13,5.21
16/03/13,
17/03/13,
18/03/13,5.19
19/03/13,5.18
20/03/13,5.18
21/03/13,5.17
22/03/13,5.17
23/03/13,
24/03/13,
25/03/13,5.18
26/03/13,5.18
27/03/13,
28/03/13,5.18
29/03/13,
30/03/13,
31/03/13,
01/04/13,5.11
02/04/13,5.08
03/04/13,5.05
04/04/13,5.01
05/04/13,4.98
06/04/13,
07/04/13,
08/04/13,4.96
09/04/13,4.94
10/04/13,4.93
11/04/13,4.92
12/04/13,4.91
13/04/13,
14/04/13,
15/04/13,
16/04/13,4.86
17/04/13,4.84
18/04/13,4.82
19/04/13,4.82
20/04/13,
21/04/13,
22/04/13,4.82
23/04/13,4.83
24/04/13,4.85
25/04/13,4.87
26/04/13,4.88
27/04/13,
28/04/13,
29/04/13,4.9
30/04/13,4.88
01/05/13,
02/05/13,4.86
03/05/13,4.9
04/05/13,
05/05/13,
06/05/13,5.02
07/05/13,5.17
08/05/13,5.24
09/05/13,
10/05/13,5.35
11/05/13,
12/05/13,
13/05/13,5.36
14/05/13,5.39
15/05/13,5.35
16/05/13,5.32
17/05/13,5.3
18/05/13,
19/05/13,
20/05/13,5.2
21/05/13,5.18
22/05/13,5.17
23/05/13,5.25
24/05/13,5.34
25/05/13,
26/05/13,
27/05/13,5.6
28/05/13,5.57
29/05/13,5.54
30/05/13,5.55
31/05/13,5.62
01/06/13,5.66
02/06/13,5.63
03/06/13,5.54
04/06/13,5.51
05/06/13,5.66
06/06/13,5.7
07/06/13,5.66
08/06/13,5.69
09/06/13,5.73
10/06/13,5.83
11/06/13,5.97
12/06/13,5.99
13/06/13,5.95
14/06/13,5.93
15/06/13,5.92
16/06/13,5.9
17/06/13,5.9
18/06/13,5.88
19/06/13,5.87
20/06/13,5.89
21/06/13,5.98
22/06/13,6.09
23/06/13,6.2
24/06/13,6.27
25/06/13,6.26
26/06/13,6.19
27/06/13,6.13
28/06/13,6.1
29/06/13,6.05
30/06/13,6.01
01/07/13,6
02/07/13,6.07
03/07/13,6.36
04/07/13,6.45
05/07/13,6.44
06/07/13,6.39
07/07/13,6.36
08/07/13,6.34
09/07/13,6.32
10/07/13,6.34
11/07/13,6.35
12/07/13,6.39
13/07/13,6.43
14/07/13,6.47
15/07/13,6.51
16/07/13,6.5
17/07/13,6.49
18/07/13,6.47
19/07/13,6.45
20/07/13,6.45
21/07/13,6.42
22/07/13,6.41
23/07/13,6.43
24/07/13,6.48
25/07/13,6.52
26/07/13,6.52
27/07/13,6.55
28/07/13,6.63
29/07/13,6.75
30/07/13,6.84
31/07/13,6.91
01/08/13,6.96
02/08/13,6.97
03/08/13,6.94
04/08/13,6.9
05/08/13,6.85
06/08/13,6.86
07/08/13,6.89
08/08/13,6.99
09/08/13,7.21
10/08/13,7.37
11/08/13,7.51
12/08/13,7.61
13/08/13,7.65
14/08/13,7.72
15/08/13,7.73
16/08/13,7.69
17/08/13,7.59
18/08/13,7.54
19/08/13,7.59
20/08/13,7.7
21/08/13,7.83
22/08/13,7.95
23/08/13,8.05
24/08/13,8.27
25/08/13,8.4
26/08/13,8.39
27/08/13,8.32
28/08/13,8.32
29/08/13,8.25
30/08/13,8.19
31/08/13,8.22
01/09/13,8.22
02/09/13,8.18
03/09/13,8.15
04/09/13,8.18
05/09/13,8.29
06/09/13,8.36
07/09/13,8.35
08/09/13,8.3
09/09/13,8.22
10/09/13,8.08
11/09/13,7.93
12/09/13,7.76
13/09/13,7.58
14/09/13,7.39
15/09/13,7.21
16/09/13,7.03
17/09/13,6.96
18/09/13,6.95
19/09/13,6.85
20/09/13,6.86
21/09/13,6.83
22/09/13,6.8
23/09/13,6.76
24/09/13,6.71
25/09/13,6.65
26/09/13,6.6
27/09/13,6.5
28/09/13,6.44
29/09/13,6.46
30/09/13,6.55
01/10/13,6.66
02/10/13,6.8
03/10/13,6.91
04/10/13,7.01
05/10/13,7.15
06/10/13,7.23
07/10/13,7.29
08/10/13,7.5
09/10/13,7.61
10/10/13,7.67
11/10/13,7.69
12/10/13,7.66
13/10/13,7.48
14/10/13,7.39
15/10/13,7.81
16/10/13,8.18
17/10/13,8.3
18/10/13,8.3
19/10/13,8.23
20/10/13,8.14
21/10/13,8.05
22/10/13,7.9
23/10/13,7.73
24/10/13,7.55
25/10/13,7.4
26/10/13,7.36
27/10/13,7.37
28/10/13,7.51
29/10/13,7.6
30/10/13,7.6
31/10/13,7.56
01/11/13,7.46
02/11/13,7.34
03/11/13,7.19
04/11/13,7.01
05/11/13,6.88
06/11/13,6.77
07/11/13,6.65
08/11/13,6.55
09/11/13,
10/11/13,
11/11/13,6.4
12/11/13,6.35
13/11/13,6.28
14/11/13,6.22
15/11/13,
16/11/13,
17/11/13,
18/11/13,6.13
19/11/13,6.12
20/11/13,6.1
21/11/13,6.08
22/11/13,6.07
23/11/13,
24/11/13,
25/11/13,6.02
26/11/13,5
27/11/13,5.95
28/11/13,5.93
29/11/13,5.95
30/11/13,
01/12/13,
02/12/13,5.99
03/12/13,5.99
04/12/13,5.98
05/12/13,5.98
06/12/13,5.95
07/12/13,
08/12/13,
09/12/13,5.88
10/12/13,5.84
11/12/13,5.82
12/12/13,5.82
13/12/13,5.82
14/12/13,
15/12/13,
16/12/13,5.82
17/12/13,5.82
18/12/13,5.83
19/12/13,5.86
20/12/13,5.9
21/12/13,
22/12/13,
23/12/13,5.88
24/12/13,5.87
25/12/13,
26/12/13,5.86
27/12/13,5.86
28/12/13,
29/12/13,
30/12/13,5.84
31/12/13,5.85