Date,WaterLevel 
1999-01-01,5.77
1999-01-02,5.44
1999-01-03,5.34
1999-01-04,5.02
1999-01-05,5.4399999999999995
1999-01-06,5.86
1999-01-07,7.85
1999-01-08,8.92
1999-01-09,9.48
1999-01-10,10.53
1999-01-11,7.89
1999-01-12,6.1
1999-01-13,5.54
1999-01-14,5.54
1999-01-15,5.53
1999-01-16,5.526666666666666
1999-01-17,5.523333333333333
1999-01-18,5.52
1999-01-19,5.53
1999-01-20,5.54
1999-01-21,5.54
1999-01-22,5.5275
1999-01-23,5.515000000000001
1999-01-24,5.5025
1999-01-25,5.49
1999-01-26,5.475
1999-01-27,5.46
1999-01-28,5.44
1999-01-29,5.43
1999-01-30,5.435
1999-01-31,5.4399999999999995
1999-02-01,5.445
1999-02-02,5.45
1999-02-03,5.565
1999-02-04,5.68
1999-02-05,5.795
1999-02-06,5.91
1999-02-07,7.9
1999-02-08,9.0
1999-02-09,9.51
1999-02-10,10.43
1999-02-11,7.73
1999-02-12,6.08
1999-02-13,5.8533333333333335
1999-02-14,5.626666666666667
1999-02-15,5.4
1999-02-16,5.4
1999-02-17,5.41
1999-02-18,5.41
1999-02-19,5.41
1999-02-20,5.4
1999-02-21,5.39
1999-02-22,5.38
1999-02-23,5.36
1999-02-24,5.34
1999-02-25,5.34
1999-02-26,5.34
1999-02-27,5.3675
1999-02-28,5.395
1999-03-01,5.4225
1999-03-02,5.45
1999-03-03,5.36
1999-03-04,5.130000000000001
1999-03-05,4.9
1999-03-06,5.83
1999-03-07,7.97
1999-03-08,9.03
1999-03-09,9.56
1999-03-10,10.3
1999-03-11,7.6
1999-03-12,6.05
1999-03-13,5.783333333333333
1999-03-14,5.516666666666667
1999-03-15,5.25
1999-03-16,5.24
1999-03-17,5.22
1999-03-18,5.23
1999-03-19,5.24
1999-03-20,5.206666666666667
1999-03-21,5.173333333333333
1999-03-22,5.14
1999-03-23,5.1
1999-03-24,5.06
1999-03-25,5.04
1999-03-26,5.02
1999-03-27,5.015
1999-03-28,5.01
1999-03-29,5.005
1999-03-30,5.0
1999-03-31,5.01
1999-04-01,5.76
1999-04-02,5.44
1999-04-03,5.37
1999-04-04,5.155
1999-04-05,4.94
1999-04-06,5.7
1999-04-07,8.01
1999-04-08,9.04
1999-04-09,9.53
1999-04-10,10.15
1999-04-11,7.52
1999-04-12,6.03
1999-04-13,4.83
1999-04-14,4.93
1999-04-15,5.015
1999-04-16,5.1
1999-04-17,5.109999999999999
1999-04-18,5.12
1999-04-19,5.13
1999-04-20,5.1
1999-04-21,5.08
1999-04-22,5.05
1999-04-23,5.01
1999-04-24,4.933333333333334
1999-04-25,4.8566666666666665
1999-04-26,4.78
1999-04-27,4.825
1999-04-28,4.87
1999-04-29,4.91
1999-04-30,4.91
1999-05-01,5.68
1999-05-02,5.43
1999-05-03,5.37
1999-05-04,4.92
1999-05-05,5.03
1999-05-06,5.69
1999-05-07,8.01
1999-05-08,8.98
1999-05-09,9.5
1999-05-10,10.02
1999-05-11,7.46
1999-05-12,6.335
1999-05-13,5.21
1999-05-14,5.3
1999-05-15,5.386666666666667
1999-05-16,5.473333333333333
1999-05-17,5.56
1999-05-18,5.61
1999-05-19,5.62
1999-05-20,5.59
1999-05-21,5.54
1999-05-22,5.526666666666666
1999-05-23,5.513333333333334
1999-05-24,5.5
1999-05-25,5.5
1999-05-26,5.49
1999-05-27,5.49
1999-05-28,5.53
1999-05-29,5.6
1999-05-30,5.78
1999-05-31,5.720000000000001
1999-06-01,5.66
1999-06-02,5.386666666666667
1999-06-03,5.113333333333333
1999-06-04,4.84
1999-06-05,5.08
1999-06-06,5.68
1999-06-07,7.93
1999-06-08,8.85
1999-06-09,9.44
1999-06-10,9.89
1999-06-11,7.95
1999-06-12,6.01
1999-06-13,5.71
1999-06-14,5.72
1999-06-15,5.76
1999-06-16,5.85
1999-06-17,6.02
1999-06-18,6.16
1999-06-19,6.1
1999-06-20,5.98
1999-06-21,5.89
1999-06-22,5.84
1999-06-23,5.85
1999-06-24,5.96
1999-06-25,6.44
1999-06-26,6.72
1999-06-27,6.81
1999-06-28,7.13
1999-06-29,7.48
1999-06-30,7.73
1999-07-01,5.64
1999-07-02,5.3566666666666665
1999-07-03,5.073333333333333
1999-07-04,4.79
1999-07-05,5.09
1999-07-06,5.7
1999-07-07,7.84
1999-07-08,8.68
1999-07-09,9.37
1999-07-10,9.76
1999-07-11,7.904999999999999
1999-07-12,6.05
1999-07-13,7.62
1999-07-14,7.87
1999-07-15,8.1
1999-07-16,8.34
1999-07-17,8.52
1999-07-18,8.56
1999-07-19,8.52
1999-07-20,8.42
1999-07-21,8.37
1999-07-22,8.5
1999-07-23,8.74
1999-07-24,8.92
1999-07-25,9.03
1999-07-26,9.08
1999-07-27,9.07
1999-07-28,9.02
1999-07-29,8.97
1999-07-30,8.9
1999-07-31,8.86
1999-08-01,5.62
1999-08-02,5.39
1999-08-03,5.34
1999-08-04,4.76
1999-08-05,5.23
1999-08-06,5.7
1999-08-07,7.72
1999-08-08,8.51
1999-08-09,9.28
1999-08-10,9.63
1999-08-11,7.26
1999-08-12,6.0
1999-08-13,8.24
1999-08-14,8.25
1999-08-15,8.56
1999-08-16,8.96
1999-08-17,9.15
1999-08-18,9.27
1999-08-19,9.36
1999-08-20,9.37
1999-08-21,9.34
1999-08-22,9.29
1999-08-23,9.23
1999-08-24,9.13
1999-08-25,9.05
1999-08-26,9.09
1999-08-27,9.17
1999-08-28,9.24
1999-08-29,9.32
1999-08-30,9.43
1999-08-31,9.45
1999-09-01,7.42
1999-09-02,5.39
1999-09-03,5.33
1999-09-04,4.78
1999-09-05,5.24
1999-09-06,5.7
1999-09-07,7.57
1999-09-08,8.34
1999-09-09,9.17
1999-09-10,9.51
1999-09-11,7.1
1999-09-12,5.99
1999-09-13,8.8
1999-09-14,8.78
1999-09-15,8.84
1999-09-16,8.97
1999-09-17,9.11
1999-09-18,9.21
1999-09-19,9.29
1999-09-20,9.33
1999-09-21,9.35
1999-09-22,9.37
1999-09-23,9.39
1999-09-24,9.42
1999-09-25,9.51
1999-09-26,9.78
1999-09-27,10.22
1999-09-28,10.52
1999-09-29,10.6
1999-09-30,10.59
1999-10-01,7.984999999999999
1999-10-02,5.38
1999-10-03,5.31
1999-10-04,5.225
1999-10-05,5.14
1999-10-06,5.69
1999-10-07,7.46
1999-10-08,8.28
1999-10-09,9.06
1999-10-10,9.4
1999-10-11,6.85
1999-10-12,5.96
1999-10-13,9.02
1999-10-14,8.87
1999-10-15,8.72
1999-10-16,8.57
1999-10-17,8.42
1999-10-18,8.35
1999-10-19,8.38
1999-10-20,8.44
1999-10-21,8.79
1999-10-22,9.0
1999-10-23,9.1
1999-10-24,9.11
1999-10-25,9.06
1999-10-26,8.97
1999-10-27,8.84
1999-10-28,8.86
1999-10-29,8.43
1999-10-30,8.2
1999-10-31,8.03
1999-11-01,5.56
1999-11-02,5.38
1999-11-03,5.3
1999-11-04,5.234999999999999
1999-11-05,5.17
1999-11-06,5.68
1999-11-07,7.47
1999-11-08,8.26
1999-11-09,8.97
1999-11-10,9.29
1999-11-11,6.77
1999-11-12,6.72
1999-11-13,6.67
1999-11-14,6.62
1999-11-15,6.57
1999-11-16,6.52
1999-11-17,6.45
1999-11-18,6.42
1999-11-19,6.38
1999-11-20,6.36
1999-11-21,6.34
1999-11-22,6.32
1999-11-23,6.31
1999-11-24,6.3
1999-11-25,6.28
1999-11-26,6.26
1999-11-27,6.22
1999-11-28,6.18
1999-11-29,6.14
1999-11-30,6.1
1999-12-01,5.54
1999-12-02,5.39
1999-12-03,5.29
1999-12-04,4.77
1999-12-05,5.18
1999-12-06,5.7
1999-12-07,4.49
1999-12-08,8.22
1999-12-09,8.87
1999-12-10,9.16
1999-12-11,6.7
1999-12-12,6.29
1999-12-13,5.88
1999-12-14,5.86
1999-12-15,5.84
1999-12-16,5.82
1999-12-17,5.8
1999-12-18,5.803333333333333
1999-12-19,5.806666666666667
1999-12-20,5.81
1999-12-21,5.82
1999-12-22,5.8
1999-12-23,5.79
1999-12-24,5.78
1999-12-25,5.773333333333333
1999-12-26,5.766666666666667
1999-12-27,5.76
1999-12-28,5.76
1999-12-29,5.76
1999-12-30,5.73
1999-12-31,5.71
2000-01-01,5.63
2000-01-02,5.55
2000-01-03,5.51
2000-01-04,5.733333333333333
2000-01-05,5.956666666666666
2000-01-06,6.18
2000-01-07,6.94
2000-01-08,9.21
2000-01-09,7.57
2000-01-10,10.2
2000-01-11,6.7
2000-01-12,5.98
2000-01-13,5.65
2000-01-14,5.64
2000-01-15,5.636666666666667
2000-01-16,5.633333333333333
2000-01-17,5.63
2000-01-18,5.62
2000-01-19,5.61
2000-01-20,5.61
2000-01-21,5.62
2000-01-22,5.623333333333333
2000-01-23,5.626666666666667
2000-01-24,5.63
2000-01-25,5.62
2000-01-26,5.605
2000-01-27,5.59
2000-01-28,5.58
2000-01-29,5.57
2000-01-30,5.56
2000-01-31,5.55
2000-02-01,5.55
2000-02-02,5.55
2000-02-03,5.5
2000-02-04,5.515000000000001
2000-02-05,5.53
2000-02-06,6.08
2000-02-07,9.91
2000-02-08,9.15
2000-02-09,7.82
2000-02-10,10.13
2000-02-11,6.66
2000-02-12,6.306666666666667
2000-02-13,5.953333333333333
2000-02-14,5.6
2000-02-15,5.6
2000-02-16,5.6
2000-02-17,5.59
2000-02-18,5.59
2000-02-19,5.586666666666667
2000-02-20,5.583333333333333
2000-02-21,5.58
2000-02-22,5.58
2000-02-23,5.57
2000-02-24,5.57
2000-02-25,5.56
2000-02-26,5.546666666666666
2000-02-27,5.533333333333333
2000-02-28,5.52
2000-02-29,5.52
2000-03-01,5.7
2000-03-02,5.56
2000-03-03,5.49
2000-03-04,5.2
2000-03-05,5.59
2000-03-06,6.23
2000-03-07,6.87
2000-03-08,9.06
2000-03-09,8.04
2000-03-10,9.48
2000-03-11,6.62
2000-03-12,6.050000000000001
2000-03-13,5.48
2000-03-14,5.45
2000-03-15,5.42
2000-03-16,5.4
2000-03-17,5.390000000000001
2000-03-18,5.38
2000-03-19,5.37
2000-03-20,5.359999999999999
2000-03-21,5.35
2000-03-22,5.3
2000-03-23,5.27
2000-03-24,5.25
2000-03-25,5.236666666666666
2000-03-26,5.223333333333334
2000-03-27,5.21
2000-03-28,5.2
2000-03-29,5.19
2000-03-30,5.16
2000-03-31,5.17
2000-04-01,5.68
2000-04-02,5.56
2000-04-03,5.404999999999999
2000-04-04,5.25
2000-04-05,5.6
2000-04-06,6.215
2000-04-07,6.83
2000-04-08,8.98
2000-04-09,8.28
2000-04-10,9.67
2000-04-11,6.55
2000-04-12,5.92
2000-04-13,5.37
2000-04-14,5.39
2000-04-15,5.3933333333333335
2000-04-16,5.3966666666666665
2000-04-17,5.4
2000-04-18,5.41
2000-04-19,5.41
2000-04-20,5.43
2000-04-21,5.45
2000-04-22,5.476666666666667
2000-04-23,5.503333333333334
2000-04-24,5.53
2000-04-25,5.52
2000-04-26,5.48
2000-04-27,5.48
2000-04-28,5.49
2000-04-29,5.553333333333334
2000-04-30,5.616666666666666
2000-05-01,5.68
2000-05-02,5.543333333333333
2000-05-03,5.406666666666666
2000-05-04,5.27
2000-05-05,5.61
2000-05-06,6.04
2000-05-07,6.73
2000-05-08,8.89
2000-05-09,8.45
2000-05-10,9.5
2000-05-11,6.5
2000-05-12,5.9
2000-05-13,5.84
2000-05-14,5.78
2000-05-15,5.72
2000-05-16,5.73
2000-05-17,5.75
2000-05-18,5.76
2000-05-19,5.77
2000-05-20,5.77
2000-05-21,5.77
2000-05-22,5.77
2000-05-23,5.77
2000-05-24,5.91
2000-05-25,6.02
2000-05-26,6.43
2000-05-27,6.403333333333333
2000-05-28,6.376666666666666
2000-05-29,6.35
2000-05-30,6.32
2000-05-31,6.3
2000-06-01,5.68
2000-06-02,5.585
2000-06-03,5.49
2000-06-04,5.29
2000-06-05,5.6850000000000005
2000-06-06,6.08
2000-06-07,6.62
2000-06-08,8.76
2000-06-09,8.49
2000-06-10,9.34
2000-06-11,6.46
2000-06-12,5.89
2000-06-13,6.24
2000-06-14,6.25
2000-06-15,6.27
2000-06-16,6.22
2000-06-17,6.2
2000-06-18,6.18
2000-06-19,6.17
2000-06-20,6.18
2000-06-21,6.21
2000-06-22,6.2
2000-06-23,6.17
2000-06-24,6.17
2000-06-25,6.25
2000-06-26,6.7
2000-06-27,6.87
2000-06-28,6.92
2000-06-29,6.94
2000-06-30,6.91
2000-07-01,5.68
2000-07-02,5.57
2000-07-03,5.5
2000-07-04,5.3
2000-07-05,5.705
2000-07-06,6.11
2000-07-07,6.56
2000-07-08,8.61
2000-07-09,8.48
2000-07-10,9.18
2000-07-11,6.41
2000-07-12,5.88
2000-07-13,6.55
2000-07-14,6.58
2000-07-15,6.69
2000-07-16,6.73
2000-07-17,6.78
2000-07-18,6.84
2000-07-19,6.95
2000-07-20,7.02
2000-07-21,7.01
2000-07-22,7.08
2000-07-23,7.89
2000-07-24,8.52
2000-07-25,9.0
2000-07-26,9.15
2000-07-27,9.26
2000-07-28,9.34
2000-07-29,9.36
2000-07-30,9.33
2000-07-31,9.27
2000-08-01,7.47
2000-08-02,5.67
2000-08-03,5.5
2000-08-04,5.696666666666666
2000-08-05,5.8933333333333335
2000-08-06,6.09
2000-08-07,6.51
2000-08-08,8.45
2000-08-09,8.42
2000-08-10,9.01
2000-08-11,6.39
2000-08-12,5.87
2000-08-13,8.09
2000-08-14,8.07
2000-08-15,8.05
2000-08-16,8.02
2000-08-17,7.99
2000-08-18,8.04
2000-08-19,8.06
2000-08-20,8.04
2000-08-21,8.01
2000-08-22,7.95
2000-08-23,7.84
2000-08-24,7.75
2000-08-25,7.69
2000-08-26,7.57
2000-08-27,7.51
2000-08-28,7.46
2000-08-29,7.42
2000-08-30,7.4
2000-08-31,7.41
2000-09-01,6.545
2000-09-02,5.68
2000-09-03,5.51
2000-09-04,5.57
2000-09-05,5.63
2000-09-06,6.07
2000-09-07,6.49
2000-09-08,8.29
2000-09-09,8.35
2000-09-10,8.81
2000-09-11,6.36
2000-09-12,7.275
2000-09-13,8.19
2000-09-14,8.19
2000-09-15,8.12
2000-09-16,8.12
2000-09-17,8.13
2000-09-18,8.16
2000-09-19,9.02
2000-09-20,9.58
2000-09-21,10.35
2000-09-22,11.33
2000-09-23,11.72
2000-09-24,11.81
2000-09-25,11.66
2000-09-26,11.48
2000-09-27,11.26
2000-09-28,11.05
2000-09-29,10.85
2000-09-30,10.51
2000-10-01,5.66
2000-10-02,5.58
2000-10-03,5.5
2000-10-04,5.33
2000-10-05,5.65
2000-10-06,6.075
2000-10-07,6.5
2000-10-08,8.21
2000-10-09,8.3
2000-10-10,8.62
2000-10-11,6.34
2000-10-12,7.22
2000-10-13,8.1
2000-10-14,7.93
2000-10-15,7.76
2000-10-16,7.6
2000-10-17,7.45
2000-10-18,7.32
2000-10-19,7.2
2000-10-20,7.07
2000-10-21,6.96
2000-10-22,6.86
2000-10-23,6.79
2000-10-24,6.74
2000-10-25,6.7
2000-10-26,6.7
2000-10-27,6.7
2000-10-28,6.7
2000-10-29,6.7
2000-10-30,6.72
2000-10-31,6.72
2000-11-01,5.65
2000-11-02,5.63
2000-11-03,5.49
2000-11-04,5.35
2000-11-05,5.67
2000-11-06,6.095
2000-11-07,6.52
2000-11-08,8.13
2000-11-09,8.26
2000-11-10,8.44
2000-11-11,6.3
2000-11-12,5.9
2000-11-13,6.25
2000-11-14,6.23
2000-11-15,6.21
2000-11-16,6.18
2000-11-17,6.15
2000-11-18,6.126666666666667
2000-11-19,6.1033333333333335
2000-11-20,6.08
2000-11-21,6.06
2000-11-22,6.05
2000-11-23,6.03
2000-11-24,6.04
2000-11-25,6.03
2000-11-26,6.02
2000-11-27,6.01
2000-11-28,6.0
2000-11-29,6.0
2000-11-30,5.19
2000-12-01,5.64
2000-12-02,5.61
2000-12-03,5.485
2000-12-04,5.36
2000-12-05,5.69
2000-12-06,6.19
2000-12-07,6.54
2000-12-08,8.1
2000-12-09,8.23
2000-12-10,8.27
2000-12-11,6.27
2000-12-12,5.9
2000-12-13,5.9
2000-12-14,5.9
2000-12-15,5.9
2000-12-16,5.8933333333333335
2000-12-17,5.886666666666667
2000-12-18,5.88
2000-12-19,5.84
2000-12-20,5.83
2000-12-21,5.8
2000-12-22,5.79
2000-12-23,5.7825
2000-12-24,5.775
2000-12-25,5.7675
2000-12-26,5.76
2000-12-27,5.75
2000-12-28,5.74
2000-12-29,5.73
2000-12-30,5.720000000000001
2000-12-31,5.71
2001-01-01,5.7
2001-01-02,5.57
2001-01-03,5.05
2001-01-04,5.3
2001-01-05,5.55
2001-01-06,5.8
2001-01-07,8.0
2001-01-08,7.12
2001-01-09,7.41
2001-01-10,6.8
2001-01-11,6.3
2001-01-12,6.14
2001-01-13,5.98
2001-01-14,5.82
2001-01-15,5.66
2001-01-16,5.63
2001-01-17,5.62
2001-01-18,5.61
2001-01-19,5.6
2001-01-20,5.596666666666667
2001-01-21,5.593333333333333
2001-01-22,5.59
2001-01-23,5.585
2001-01-24,5.58
2001-01-25,5.58
2001-01-26,5.578
2001-01-27,5.5760000000000005
2001-01-28,5.574
2001-01-29,5.572
2001-01-30,5.57
2001-01-31,5.58
2001-02-01,5.67
2001-02-02,5.56
2001-02-03,5.04
2001-02-04,5.12
2001-02-05,4.46
2001-02-06,6.300000000000001
2001-02-07,8.14
2001-02-08,6.95
2001-02-09,7.66
2001-02-10,6.8
2001-02-11,6.26
2001-02-12,5.904999999999999
2001-02-13,5.55
2001-02-14,5.52
2001-02-15,5.52
2001-02-16,5.52
2001-02-17,5.503333333333333
2001-02-18,5.486666666666666
2001-02-19,5.47
2001-02-20,5.43
2001-02-21,5.41
2001-02-22,5.42
2001-02-23,5.41
2001-02-24,5.34
2001-02-25,5.2700000000000005
2001-02-26,5.2
2001-02-27,5.12
2001-02-28,5.05
2001-03-01,5.65
2001-03-02,5.463333333333334
2001-03-03,5.276666666666666
2001-03-04,5.09
2001-03-05,4.47
2001-03-06,6.33
2001-03-07,8.19
2001-03-08,6.83
2001-03-09,7.87
2001-03-10,6.87
2001-03-11,6.285
2001-03-12,5.7
2001-03-13,4.93
2001-03-14,4.86
2001-03-15,4.77
2001-03-16,4.77
2001-03-17,4.716666666666667
2001-03-18,4.663333333333333
2001-03-19,4.61
2001-03-20,4.58
2001-03-21,4.47
2001-03-22,4.42
2001-03-23,4.41
2001-03-24,4.623333333333333
2001-03-25,4.836666666666667
2001-03-26,5.05
2001-03-27,5.16
2001-03-28,5.21
2001-03-29,5.24
2001-03-30,5.26
2001-03-31,5.449999999999999
2001-04-01,5.64
2001-04-02,5.4366666666666665
2001-04-03,5.233333333333333
2001-04-04,5.03
2001-04-05,4.6
2001-04-06,6.16
2001-04-07,8.19
2001-04-08,6.77
2001-04-09,7.94
2001-04-10,6.98
2001-04-11,6.34
2001-04-12,5.7
2001-04-13,5.4925
2001-04-14,5.285
2001-04-15,5.077500000000001
2001-04-16,4.87
2001-04-17,5.01
2001-04-18,5.1
2001-04-19,5.17
2001-04-20,5.24
2001-04-21,5.2
2001-04-22,5.16
2001-04-23,5.12
2001-04-24,5.1
2001-04-25,5.01
2001-04-26,4.91
2001-04-27,4.82
2001-04-28,4.75
2001-04-29,4.680000000000001
2001-04-30,4.61
2001-05-01,5.65
2001-05-02,5.57
2001-05-03,5.02
2001-05-04,5.46
2001-05-05,5.8999999999999995
2001-05-06,6.34
2001-05-07,8.13
2001-05-08,6.69
2001-05-09,7.98
2001-05-10,7.25
2001-05-11,6.15
2001-05-12,5.69
2001-05-13,5.51
2001-05-14,5.33
2001-05-15,5.37
2001-05-16,5.42
2001-05-17,5.46
2001-05-18,5.5
2001-05-19,5.553333333333334
2001-05-20,5.6066666666666665
2001-05-21,5.66
2001-05-22,5.73
2001-05-23,5.73
2001-05-24,5.72
2001-05-25,5.73
2001-05-26,5.733333333333333
2001-05-27,5.736666666666667
2001-05-28,5.74
2001-05-29,5.74
2001-05-30,5.76
2001-05-31,5.79
2001-06-01,5.67
2001-06-02,5.55
2001-06-03,5.25
2001-06-04,4.95
2001-06-05,5.76
2001-06-06,6.57
2001-06-07,8.09
2001-06-08,6.62
2001-06-09,7.96
2001-06-10,7.56
2001-06-11,6.07
2001-06-12,5.68
2001-06-13,6.2
2001-06-14,6.1
2001-06-15,6.07
2001-06-16,6.11
2001-06-17,6.22
2001-06-18,6.57
2001-06-19,7.15
2001-06-20,7.34
2001-06-21,7.51
2001-06-22,7.59
2001-06-23,7.7
2001-06-24,7.67
2001-06-25,7.65
2001-06-26,7.6
2001-06-27,7.54
2001-06-28,7.45
2001-06-29,7.34
2001-06-30,7.26
2001-07-01,6.4
2001-07-02,5.54
2001-07-03,5.09
2001-07-04,5.140000000000001
2001-07-05,5.19
2001-07-06,6.64
2001-07-07,8.08
2001-07-08,6.55
2001-07-09,7.89
2001-07-10,7.82
2001-07-11,6.02
2001-07-12,5.67
2001-07-13,8.66
2001-07-14,8.65
2001-07-15,8.62
2001-07-16,8.64
2001-07-17,8.62
2001-07-18,8.53
2001-07-19,8.5
2001-07-20,8.6
2001-07-21,8.53
2001-07-22,8.35
2001-07-23,8.15
2001-07-24,7.93
2001-07-25,7.7
2001-07-26,7.5
2001-07-27,7.31
2001-07-28,7.14
2001-07-29,7.01
2001-07-30,6.9
2001-07-31,6.275
2001-08-01,5.65
2001-08-02,5.56
2001-08-03,5.1
2001-08-04,5.633333333333333
2001-08-05,6.166666666666667
2001-08-06,6.7
2001-08-07,8.2
2001-08-08,6.43
2001-08-09,7.78
2001-08-10,7.99
2001-08-11,6.0
2001-08-12,6.16
2001-08-13,6.32
2001-08-14,6.38
2001-08-15,6.37
2001-08-16,6.32
2001-08-17,6.28
2001-08-18,6.3
2001-08-19,6.4
2001-08-20,6.59
2001-08-21,6.74
2001-08-22,6.82
2001-08-23,6.88
2001-08-24,6.97
2001-08-25,7.02
2001-08-26,7.02
2001-08-27,6.98
2001-08-28,6.93
2001-08-29,6.96
2001-08-30,7.0
2001-08-31,7.11
2001-09-01,5.65
2001-09-02,5.56
2001-09-03,4.945
2001-09-04,4.33
2001-09-05,5.35
2001-09-06,6.859999999999999
2001-09-07,8.37
2001-09-08,6.32
2001-09-09,7.68
2001-09-10,8.13
2001-09-11,5.98
2001-09-12,6.7
2001-09-13,7.42
2001-09-14,7.26
2001-09-15,7.14
2001-09-16,7.03
2001-09-17,7.0
2001-09-18,6.95
2001-09-19,6.9
2001-09-20,6.86
2001-09-21,6.84
2001-09-22,6.82
2001-09-23,6.81
2001-09-24,6.86
2001-09-25,6.95
2001-09-26,7.04
2001-09-27,7.13
2001-09-28,7.38
2001-09-29,7.59
2001-09-30,7.66
2001-10-01,6.8075
2001-10-02,5.955
2001-10-03,5.1025
2001-10-04,4.25
2001-10-05,5.67
2001-10-06,7.09
2001-10-07,8.51
2001-10-08,6.25
2001-10-09,7.59
2001-10-10,8.18
2001-10-11,6.915
2001-10-12,5.65
2001-10-13,8.12
2001-10-14,8.0
2001-10-15,7.88
2001-10-16,7.76
2001-10-17,7.65
2001-10-18,7.57
2001-10-19,7.49
2001-10-20,7.55
2001-10-21,7.62
2001-10-22,7.54
2001-10-23,7.37
2001-10-24,7.2
2001-10-25,7.01
2001-10-26,6.86
2001-10-27,6.72
2001-10-28,6.58
2001-10-29,6.47
2001-10-30,6.38
2001-10-31,6.37
2001-11-01,5.66
2001-11-02,5.19
2001-11-03,4.72
2001-11-04,4.25
2001-11-05,5.4
2001-11-06,6.36
2001-11-07,8.6
2001-11-08,6.22
2001-11-09,7.58
2001-11-10,8.16
2001-11-11,6.91
2001-11-12,5.66
2001-11-13,5.86
2001-11-14,5.86
2001-11-15,5.86
2001-11-16,5.86
2001-11-17,5.843333333333334
2001-11-18,5.826666666666666
2001-11-19,5.81
2001-11-20,5.76
2001-11-21,5.75
2001-11-22,5.74
2001-11-23,5.73
2001-11-24,5.720000000000001
2001-11-25,5.71
2001-11-26,5.7
2001-11-27,5.7
2001-11-28,5.7
2001-11-29,5.7
2001-11-30,5.68
2001-12-01,5.66
2001-12-02,5.56
2001-12-03,4.96
2001-12-04,4.3
2001-12-05,5.279999999999999
2001-12-06,6.26
2001-12-07,8.66
2001-12-08,6.26
2001-12-09,7.54
2001-12-10,8.16
2001-12-11,5.88
2001-12-12,5.66
2001-12-13,5.66
2001-12-14,5.66
2001-12-15,5.6475
2001-12-16,5.635
2001-12-17,5.6225000000000005
2001-12-18,5.61
2001-12-19,5.61
2001-12-20,5.6
2001-12-21,5.59
2001-12-22,5.576666666666666
2001-12-23,5.5633333333333335
2001-12-24,5.55
2001-12-25,5.545
2001-12-26,5.54
2001-12-27,5.55
2001-12-28,5.56
2001-12-29,5.536666666666666
2001-12-30,5.513333333333334
2001-12-31,5.49
2002-01-01,5.48
2002-01-02,5.36
2002-01-03,5.33
2002-01-04,5.12
2002-01-05,5.573333333333333
2002-01-06,6.026666666666667
2002-01-07,6.48
2002-01-08,7.61
2002-01-09,8.02
2002-01-10,9.1
2002-01-11,6.11
2002-01-12,5.866666666666667
2002-01-13,5.623333333333333
2002-01-14,5.38
2002-01-15,5.38
2002-01-16,5.38
2002-01-17,5.38
2002-01-18,5.37
2002-01-19,5.363333333333333
2002-01-20,5.3566666666666665
2002-01-21,5.35
2002-01-22,5.37
2002-01-23,5.375
2002-01-24,5.38
2002-01-25,5.35
2002-01-26,5.3533333333333335
2002-01-27,5.3566666666666665
2002-01-28,5.36
2002-01-29,5.37
2002-01-30,5.38
2002-01-31,5.37
2002-02-01,5.48
2002-02-02,5.366666666666667
2002-02-03,5.253333333333333
2002-02-04,5.14
2002-02-05,5.52
2002-02-06,6.025
2002-02-07,6.53
2002-02-08,7.59
2002-02-09,7.9
2002-02-10,9.09
2002-02-11,7.43
2002-02-12,5.77
2002-02-13,5.34
2002-02-14,5.33
2002-02-15,5.33
2002-02-16,5.326666666666667
2002-02-17,5.323333333333333
2002-02-18,5.32
2002-02-19,5.32
2002-02-20,5.31
2002-02-21,5.31
2002-02-22,5.3
2002-02-23,5.3
2002-02-24,5.3
2002-02-25,5.3
2002-02-26,5.3
2002-02-27,5.3
2002-02-28,5.3
2002-03-01,5.44
2002-03-02,5.343333333333334
2002-03-03,5.246666666666667
2002-03-04,5.15
2002-03-05,5.54
2002-03-06,5.6
2002-03-07,6.66
2002-03-08,7.53
2002-03-09,7.71
2002-03-10,9.04
2002-03-11,7.404999999999999
2002-03-12,5.77
2002-03-13,5.32
2002-03-14,5.31
2002-03-15,5.3
2002-03-16,5.283333333333333
2002-03-17,5.266666666666667
2002-03-18,5.25
2002-03-19,5.22
2002-03-20,5.19
2002-03-21,5.18
2002-03-22,5.16
2002-03-23,5.15
2002-03-24,5.140000000000001
2002-03-25,5.13
2002-03-26,5.12
2002-03-27,5.1
2002-03-28,5.1659999999999995
2002-03-29,5.231999999999999
2002-03-30,5.298
2002-03-31,5.364
2002-04-01,5.43
2002-04-02,5.34
2002-04-03,5.36
2002-04-04,5.1
2002-04-05,5.365
2002-04-06,5.63
2002-04-07,7.27
2002-04-08,7.49
2002-04-09,7.57
2002-04-10,8.94
2002-04-11,7.3549999999999995
2002-04-12,5.77
2002-04-13,5.6659999999999995
2002-04-14,5.561999999999999
2002-04-15,5.458
2002-04-16,5.354
2002-04-17,5.25
2002-04-18,5.28
2002-04-19,5.32
2002-04-20,5.343333333333334
2002-04-21,5.366666666666666
2002-04-22,5.39
2002-04-23,5.43
2002-04-24,5.46
2002-04-25,5.44
2002-04-26,5.44
2002-04-27,5.45
2002-04-28,5.46
2002-04-29,5.47
2002-04-30,5.49
2002-05-01,5.415
2002-05-02,5.34
2002-05-03,5.37
2002-05-04,5.07
2002-05-05,5.35
2002-05-06,5.63
2002-05-07,7.71
2002-05-08,7.48
2002-05-09,7.48
2002-05-10,8.84
2002-05-11,6.1
2002-05-12,5.77
2002-05-13,5.56
2002-05-14,5.56
2002-05-15,5.57
2002-05-16,5.56
2002-05-17,5.55
2002-05-18,5.543333333333333
2002-05-19,5.536666666666667
2002-05-20,5.53
2002-05-21,5.52
2002-05-22,5.51
2002-05-23,5.51
2002-05-24,5.52
2002-05-25,5.523333333333333
2002-05-26,5.526666666666666
2002-05-27,5.53
2002-05-28,5.53
2002-05-29,5.52
2002-05-30,5.52
2002-05-31,5.52
2002-06-01,5.425
2002-06-02,5.33
2002-06-03,5.33
2002-06-04,5.4399999999999995
2002-06-05,5.55
2002-06-06,5.62
2002-06-07,7.9
2002-06-08,7.46
2002-06-09,7.4
2002-06-10,8.65
2002-06-11,7.636666666666667
2002-06-12,6.623333333333333
2002-06-13,5.61
2002-06-14,5.68
2002-06-15,5.86
2002-06-16,5.98
2002-06-17,5.95
2002-06-18,5.85
2002-06-19,5.75
2002-06-20,5.69
2002-06-21,5.64
2002-06-22,5.63
2002-06-23,5.8
2002-06-24,5.92
2002-06-25,6.1
2002-06-26,6.23
2002-06-27,6.37
2002-06-28,6.49
2002-06-29,6.52
2002-06-30,6.5
2002-07-01,5.39
2002-07-02,5.32
2002-07-03,5.33
2002-07-04,5.4399999999999995
2002-07-05,5.55
2002-07-06,5.61
2002-07-07,8.0
2002-07-08,7.46
2002-07-09,7.32
2002-07-10,8.41
2002-07-11,6.07
2002-07-12,6.5649999999999995
2002-07-13,7.06
2002-07-14,6.9
2002-07-15,6.97
2002-07-16,6.66
2002-07-17,6.56
2002-07-18,6.48
2002-07-19,6.42
2002-07-20,6.39
2002-07-21,6.39
2002-07-22,6.44
2002-07-23,6.59
2002-07-24,7.15
2002-07-25,7.5
2002-07-26,7.58
2002-07-27,7.59
2002-07-28,7.59
2002-07-29,7.6
2002-07-30,7.6
2002-07-31,7.6
2002-08-01,5.4
2002-08-02,5.31
2002-08-03,5.34
2002-08-04,5.0
2002-08-05,5.55
2002-08-06,6.75
2002-08-07,7.95
2002-08-08,7.44
2002-08-09,7.27
2002-08-10,8.13
2002-08-11,6.05
2002-08-12,6.625
2002-08-13,7.2
2002-08-14,7.65
2002-08-15,8.1
2002-08-16,8.31
2002-08-17,8.48
2002-08-18,8.55
2002-08-19,8.58
2002-08-20,8.59
2002-08-21,8.59
2002-08-22,8.59
2002-08-23,8.56
2002-08-24,8.52
2002-08-25,8.48
2002-08-26,8.44
2002-08-27,8.45
2002-08-28,8.38
2002-08-29,8.31
2002-08-30,8.23
2002-08-31,8.14
2002-09-01,5.4
2002-09-02,5.2700000000000005
2002-09-03,5.14
2002-09-04,5.01
2002-09-05,5.953333333333333
2002-09-06,6.8966666666666665
2002-09-07,7.84
2002-09-08,7.39
2002-09-09,7.26
2002-09-10,7.82
2002-09-11,6.765000000000001
2002-09-12,5.71
2002-09-13,7.42
2002-09-14,7.6
2002-09-15,7.82
2002-09-16,7.81
2002-09-17,7.73
2002-09-18,7.66
2002-09-19,7.6
2002-09-20,7.54
2002-09-21,7.5
2002-09-22,7.46
2002-09-23,7.48
2002-09-24,7.59
2002-09-25,7.84
2002-09-26,8.2
2002-09-27,8.54
2002-09-28,8.77
2002-09-29,8.96
2002-09-30,9.06
2002-10-01,5.39
2002-10-02,5.276666666666666
2002-10-03,5.163333333333333
2002-10-04,5.05
2002-10-05,5.55
2002-10-06,5.58
2002-10-07,7.64
2002-10-08,7.31
2002-10-09,7.23
2002-10-10,7.56
2002-10-11,6.63
2002-10-12,5.7
2002-10-13,7.08
2002-10-14,6.91
2002-10-15,6.82
2002-10-16,6.72
2002-10-17,6.66
2002-10-18,6.68
2002-10-19,6.803333333333333
2002-10-20,6.926666666666667
2002-10-21,7.05
2002-10-22,7.13
2002-10-23,7.08
2002-10-24,6.94
2002-10-25,6.78
2002-10-26,6.67
2002-10-27,6.5600000000000005
2002-10-28,6.45
2002-10-29,6.31
2002-10-30,6.18
2002-10-31,6.15
2002-11-01,5.38
2002-11-02,5.34
2002-11-03,5.33
2002-11-04,5.09
2002-11-05,5.345
2002-11-06,5.6
2002-11-07,7.46
2002-11-08,7.21
2002-11-09,7.25
2002-11-10,7.36
2002-11-11,5.95
2002-11-12,5.7
2002-11-13,5.95
2002-11-14,5.94
2002-11-15,5.94
2002-11-16,5.930000000000001
2002-11-17,5.92
2002-11-18,5.91
2002-11-19,5.9
2002-11-20,5.89
2002-11-21,5.89
2002-11-22,5.88
2002-11-23,5.87
2002-11-24,5.859999999999999
2002-11-25,5.85
2002-11-26,5.81
2002-11-27,5.8
2002-11-28,5.8
2002-11-29,5.8
2002-11-30,5.6499999999999995
2002-12-01,5.5
2002-12-02,5.35
2002-12-03,5.32
2002-12-04,5.1
2002-12-05,5.355
2002-12-06,5.61
2002-12-07,7.26
2002-12-08,7.14
2002-12-09,7.33
2002-12-10,7.18
2002-12-11,5.92
2002-12-12,5.69
2002-12-13,5.69
2002-12-14,5.6866666666666665
2002-12-15,5.683333333333334
2002-12-16,5.68
2002-12-17,5.68
2002-12-18,5.67
2002-12-19,5.66
2002-12-20,5.66
2002-12-21,5.65
2002-12-22,5.64
2002-12-23,5.63
2002-12-24,5.63
2002-12-25,5.625
2002-12-26,5.62
2002-12-27,5.61
2002-12-28,5.6066666666666665
2002-12-29,5.6033333333333335
2002-12-30,5.6
2002-12-31,5.6
2003-01-01,5.59
2003-01-02,5.4366666666666665
2003-01-03,5.283333333333333
2003-01-04,5.13
2003-01-05,5.6033333333333335
2003-01-06,6.076666666666666
2003-01-07,6.55
2003-01-08,7.28
2003-01-09,7.69
2003-01-10,7.71
2003-01-11,6.805
2003-01-12,5.9
2003-01-13,5.42
2003-01-14,5.42
2003-01-15,5.41
2003-01-16,5.41
2003-01-17,5.42
2003-01-18,5.426666666666667
2003-01-19,5.433333333333334
2003-01-20,5.44
2003-01-21,5.44
2003-01-22,5.43
2003-01-23,5.415
2003-01-24,5.4
2003-01-25,5.3933333333333335
2003-01-26,5.386666666666667
2003-01-27,5.38
2003-01-28,5.37
2003-01-29,5.35
2003-01-30,5.35
2003-01-31,5.36
2003-02-01,5.59
2003-02-02,5.46
2003-02-03,5.33
2003-02-04,5.2
2003-02-05,5.6
2003-02-06,5.45
2003-02-07,6.58
2003-02-08,7.34
2003-02-09,7.59
2003-02-10,7.8
2003-02-11,6.84
2003-02-12,5.88
2003-02-13,5.39
2003-02-14,5.4
2003-02-15,5.3966666666666665
2003-02-16,5.3933333333333335
2003-02-17,5.39
2003-02-18,5.38
2003-02-19,5.37
2003-02-20,5.36
2003-02-21,5.41
2003-02-22,5.406666666666667
2003-02-23,5.403333333333333
2003-02-24,5.4
2003-02-25,5.39
2003-02-26,5.38
2003-02-27,5.39
2003-02-28,5.37
2003-03-01,5.58
2003-03-02,5.38
2003-03-03,5.35
2003-03-04,5.25
2003-03-05,5.355
2003-03-06,5.46
2003-03-07,6.56
2003-03-08,7.61
2003-03-09,7.55
2003-03-10,7.84
2003-03-11,7.42
2003-03-12,5.85
2003-03-13,5.33
2003-03-14,5.3725000000000005
2003-03-15,5.415
2003-03-16,5.4575
2003-03-17,5.5
2003-03-18,5.515000000000001
2003-03-19,5.53
2003-03-20,5.51
2003-03-21,5.5
2003-03-22,5.4
2003-03-23,5.3
2003-03-24,5.2
2003-03-25,5.14
2003-03-26,5.13
2003-03-27,5.1
2003-03-28,5.08
2003-03-29,5.096666666666667
2003-03-30,5.113333333333333
2003-03-31,5.13
2003-04-01,5.26
2003-04-02,5.39
2003-04-03,5.34
2003-04-04,5.28
2003-04-05,5.375
2003-04-06,5.47
2003-04-07,6.5
2003-04-08,7.73
2003-04-09,7.48
2003-04-10,7.83
2003-04-11,7.38
2003-04-12,5.83
2003-04-13,5.7075
2003-04-14,5.585
2003-04-15,5.4625
2003-04-16,5.34
2003-04-17,5.33
2003-04-18,5.3325
2003-04-19,5.335
2003-04-20,5.3375
2003-04-21,5.34
2003-04-22,5.35
2003-04-23,5.34
2003-04-24,5.3
2003-04-25,5.28
2003-04-26,5.286666666666667
2003-04-27,5.293333333333333
2003-04-28,5.3
2003-04-29,5.37
2003-04-30,5.46
2003-05-01,5.425
2003-05-02,5.39
2003-05-03,5.34
2003-05-04,5.47
2003-05-05,5.6
2003-05-06,5.48
2003-05-07,6.37
2003-05-08,7.65
2003-05-09,7.43
2003-05-10,7.85
2003-05-11,7.25
2003-05-12,5.8
2003-05-13,5.48
2003-05-14,5.47
2003-05-15,5.465
2003-05-16,5.46
2003-05-17,5.4799999999999995
2003-05-18,5.5
2003-05-19,5.52
2003-05-20,5.5
2003-05-21,5.48
2003-05-22,5.45
2003-05-23,5.44
2003-05-24,5.443333333333333
2003-05-25,5.446666666666667
2003-05-26,5.45
2003-05-27,5.47
2003-05-28,5.49
2003-05-29,5.47
2003-05-30,5.46
2003-05-31,5.49
2003-06-01,5.52
2003-06-02,5.43
2003-06-03,5.34
2003-06-04,5.46
2003-06-05,5.58
2003-06-06,5.49
2003-06-07,6.23
2003-06-08,7.51
2003-06-09,7.39
2003-06-10,7.84
2003-06-11,6.95
2003-06-12,6.245
2003-06-13,5.54
2003-06-14,5.56
2003-06-15,5.58
2003-06-16,5.6
2003-06-17,5.6
2003-06-18,5.6
2003-06-19,5.56
2003-06-20,5.54
2003-06-21,5.56
2003-06-22,5.62
2003-06-23,5.64
2003-06-24,5.67
2003-06-25,5.67
2003-06-26,5.66
2003-06-27,5.71
2003-06-28,5.83
2003-06-29,5.94
2003-06-30,6.28
2003-07-01,5.5
2003-07-02,5.38
2003-07-03,5.34
2003-07-04,5.3
2003-07-05,5.55
2003-07-06,5.845
2003-07-07,6.14
2003-07-08,7.37
2003-07-09,7.35
2003-07-10,7.79
2003-07-11,6.78
2003-07-12,6.505000000000001
2003-07-13,6.23
2003-07-14,6.35
2003-07-15,6.54
2003-07-16,6.57
2003-07-17,6.74
2003-07-18,6.95
2003-07-19,6.93
2003-07-20,6.84
2003-07-21,6.75
2003-07-22,6.67
2003-07-23,6.6
2003-07-24,6.55
2003-07-25,6.52
2003-07-26,6.52
2003-07-27,6.57
2003-07-28,6.64
2003-07-29,6.7
2003-07-30,6.87
2003-07-31,7.09
2003-08-01,5.49
2003-08-02,5.433333333333334
2003-08-03,5.376666666666667
2003-08-04,5.32
2003-08-05,5.52
2003-08-06,5.805
2003-08-07,6.09
2003-08-08,7.18
2003-08-09,7.31
2003-08-10,7.85
2003-08-11,6.824999999999999
2003-08-12,5.8
2003-08-13,6.9
2003-08-14,6.91
2003-08-15,6.99
2003-08-16,7.09
2003-08-17,7.22
2003-08-18,7.29
2003-08-19,7.38
2003-08-20,7.54
2003-08-21,7.8
2003-08-22,8.02
2003-08-23,8.13
2003-08-24,8.14
2003-08-25,8.1
2003-08-26,8.05
2003-08-27,8.02
2003-08-28,7.96
2003-08-29,7.89
2003-08-30,7.83
2003-08-31,7.77
2003-09-01,5.48
2003-09-02,5.433333333333334
2003-09-03,5.386666666666667
2003-09-04,5.34
2003-09-05,5.425
2003-09-06,5.51
2003-09-07,6.07
2003-09-08,7.1
2003-09-09,7.29
2003-09-10,7.89
2003-09-11,6.84
2003-09-12,5.79
2003-09-13,7.41
2003-09-14,7.44
2003-09-15,7.42
2003-09-16,7.41
2003-09-17,7.43
2003-09-18,7.4
2003-09-19,7.37
2003-09-20,7.33
2003-09-21,7.29
2003-09-22,7.25
2003-09-23,7.22
2003-09-24,7.21
2003-09-25,7.23
2003-09-26,7.31
2003-09-27,7.44
2003-09-28,7.57
2003-09-29,7.69
2003-09-30,7.7
2003-10-01,5.47
2003-10-02,5.38
2003-10-03,5.32
2003-10-04,5.35
2003-10-05,5.43
2003-10-06,5.51
2003-10-07,6.04
2003-10-08,7.01
2003-10-09,7.31
2003-10-10,8.08
2003-10-11,6.4
2003-10-12,5.79
2003-10-13,8.87
2003-10-14,8.87
2003-10-15,8.8
2003-10-16,8.69
2003-10-17,8.52
2003-10-18,8.3
2003-10-19,8.1
2003-10-20,7.87
2003-10-21,7.61
2003-10-22,7.44
2003-10-23,7.34
2003-10-24,7.27
2003-10-25,7.28
2003-10-26,7.34
2003-10-27,7.46
2003-10-28,7.7
2003-10-29,7.9
2003-10-30,7.99
2003-10-31,7.97
2003-11-01,6.675
2003-11-02,5.38
2003-11-03,5.32
2003-11-04,5.37
2003-11-05,5.455
2003-11-06,5.54
2003-11-07,6.04
2003-11-08,6.94
2003-11-09,7.32
2003-11-10,8.48
2003-11-11,6.3
2003-11-12,5.78
2003-11-13,6.2
2003-11-14,6.18
2003-11-15,6.153333333333333
2003-11-16,6.126666666666666
2003-11-17,6.1
2003-11-18,6.03
2003-11-19,5.99
2003-11-20,5.95
2003-11-21,5.95
2003-11-22,5.95
2003-11-23,5.95
2003-11-24,5.95
2003-11-25,5.94
2003-11-26,5.9350000000000005
2003-11-27,5.93
2003-11-28,5.92
2003-11-29,5.8
2003-11-30,5.68
2003-12-01,5.5600000000000005
2003-12-02,5.44
2003-12-03,5.32
2003-12-04,5.405
2003-12-05,5.49
2003-12-06,5.54
2003-12-07,6.1
2003-12-08,6.9
2003-12-09,7.37
2003-12-10,8.79
2003-12-11,6.26
2003-12-12,5.78
2003-12-13,5.773333333333333
2003-12-14,5.766666666666667
2003-12-15,5.76
2003-12-16,5.75
2003-12-17,5.74
2003-12-18,5.72
2003-12-19,5.72
2003-12-20,5.726666666666667
2003-12-21,5.733333333333333
2003-12-22,5.74
2003-12-23,5.74
2003-12-24,5.72
2003-12-25,5.71
2003-12-26,5.7
2003-12-27,5.696666666666667
2003-12-28,5.693333333333333
2003-12-29,5.69
2003-12-30,5.68
2003-12-31,5.68
2004-01-01,5.59
2004-01-02,5.5
2004-01-03,5.41
2004-01-04,5.07
2004-01-05,5.335
2004-01-06,5.6
2004-01-07,6.43
2004-01-08,6.89
2004-01-09,7.75
2004-01-10,8.17
2004-01-11,6.7
2004-01-12,5.88
2004-01-13,5.843913043478261
2004-01-14,5.8078260869565215
2004-01-15,5.771739130434782
2004-01-16,5.735652173913043
2004-01-17,5.699565217391304
2004-01-18,5.6634782608695655
2004-01-19,5.627391304347826
2004-01-20,5.591304347826087
2004-01-21,5.555217391304348
2004-01-22,5.519130434782609
2004-01-23,5.4830434782608695
2004-01-24,5.44695652173913
2004-01-25,5.410869565217391
2004-01-26,5.374782608695652
2004-01-27,5.338695652173913
2004-01-28,5.302608695652173
2004-01-29,5.266521739130434
2004-01-30,5.230434782608695
2004-01-31,5.194347826086957
2004-02-01,5.1582608695652175
2004-02-02,5.122173913043478
2004-02-03,5.086086956521739
2004-02-04,5.05
2004-02-05,5.335
2004-02-06,5.62
2004-02-07,6.34
2004-02-08,6.87
2004-02-09,7.81
2004-02-10,8.07
2004-02-11,6.63
2004-02-12,5.86
2004-02-13,5.49
2004-02-14,5.493333333333333
2004-02-15,5.496666666666667
2004-02-16,5.5
2004-02-17,5.51
2004-02-18,5.52
2004-02-19,5.52
2004-02-20,5.53
2004-02-21,5.5200000000000005
2004-02-22,5.51
2004-02-23,5.5
2004-02-24,5.49
2004-02-25,5.45
2004-02-26,5.43
2004-02-27,5.42
2004-02-28,5.4425
2004-02-29,5.465
2004-03-01,5.4875
2004-03-02,5.51
2004-03-03,5.4
2004-03-04,5.483333333333333
2004-03-05,5.566666666666667
2004-03-06,5.65
2004-03-07,6.24
2004-03-08,6.87
2004-03-09,7.83
2004-03-10,7.94
2004-03-11,6.52
2004-03-12,5.85
2004-03-13,5.55
2004-03-14,5.25
2004-03-15,4.95
2004-03-16,4.95
2004-03-17,4.94
2004-03-18,4.95
2004-03-19,4.97
2004-03-20,5.0
2004-03-21,5.029999999999999
2004-03-22,5.06
2004-03-23,5.11
2004-03-24,5.13
2004-03-25,5.14
2004-03-26,5.15
2004-03-27,5.136666666666667
2004-03-28,5.123333333333334
2004-03-29,5.11
2004-03-30,5.09
2004-03-31,5.08
2004-04-01,5.3
2004-04-02,5.52
2004-04-03,5.37
2004-04-04,5.385
2004-04-05,5.4
2004-04-06,5.66
2004-04-07,6.17
2004-04-08,6.98
2004-04-09,7.79
2004-04-10,7.93
2004-04-11,6.55
2004-04-12,5.699999999999999
2004-04-13,4.85
2004-04-14,4.875
2004-04-15,4.9
2004-04-16,5.0
2004-04-17,5.06
2004-04-18,5.12
2004-04-19,5.18
2004-04-20,5.21
2004-04-21,5.22
2004-04-22,5.22
2004-04-23,5.23
2004-04-24,5.253333333333334
2004-04-25,5.276666666666666
2004-04-26,5.3
2004-04-27,5.3149999999999995
2004-04-28,5.33
2004-04-29,5.33
2004-04-30,5.34
2004-05-01,5.425
2004-05-02,5.51
2004-05-03,5.3
2004-05-04,5.02
2004-05-05,5.42
2004-05-06,5.76
2004-05-07,6.1
2004-05-08,6.97
2004-05-09,7.69
2004-05-10,7.92
2004-05-11,6.42
2004-05-12,5.82
2004-05-13,5.22
2004-05-14,5.18
2004-05-15,5.153333333333333
2004-05-16,5.126666666666666
2004-05-17,5.1
2004-05-18,5.1
2004-05-19,5.16
2004-05-20,5.19
2004-05-21,5.21
2004-05-22,5.24
2004-05-23,5.27
2004-05-24,5.3
2004-05-25,5.35
2004-05-26,5.4
2004-05-27,5.46
2004-05-28,5.49
2004-05-29,5.513333333333334
2004-05-30,5.536666666666666
2004-05-31,5.56
2004-06-01,5.535
2004-06-02,5.51
2004-06-03,5.255
2004-06-04,5.0
2004-06-05,5.45
2004-06-06,5.755
2004-06-07,6.06
2004-06-08,6.91
2004-06-09,7.53
2004-06-10,7.8
2004-06-11,6.8149999999999995
2004-06-12,5.83
2004-06-13,5.7
2004-06-14,5.7
2004-06-15,5.72
2004-06-16,5.72
2004-06-17,5.72
2004-06-18,5.79
2004-06-19,5.9
2004-06-20,5.96
2004-06-21,5.97
2004-06-22,6.0
2004-06-23,6.91
2004-06-24,7.11
2004-06-25,7.09
2004-06-26,7.0
2004-06-27,6.9
2004-06-28,6.79
2004-06-29,6.66
2004-06-30,6.54
2004-07-01,6.1425
2004-07-02,5.745
2004-07-03,5.3475
2004-07-04,4.95
2004-07-05,5.44
2004-07-06,5.67
2004-07-07,6.04
2004-07-08,6.86
2004-07-09,7.37
2004-07-10,7.86
2004-07-11,6.83
2004-07-12,5.8
2004-07-13,6.34
2004-07-14,6.39
2004-07-15,6.42
2004-07-16,6.46
2004-07-17,6.58
2004-07-18,6.68
2004-07-19,6.79
2004-07-20,6.9
2004-07-21,6.95
2004-07-22,6.99
2004-07-23,7.01
2004-07-24,6.99
2004-07-25,6.95
2004-07-26,6.92
2004-07-27,6.92
2004-07-28,6.95
2004-07-29,6.95
2004-07-30,6.91
2004-07-31,6.88
2004-08-01,6.27
2004-08-02,5.66
2004-08-03,5.05
2004-08-04,4.9
2004-08-05,5.295
2004-08-06,5.69
2004-08-07,6.04
2004-08-08,6.85
2004-08-09,7.2
2004-08-10,8.29
2004-08-11,6.52
2004-08-12,5.8
2004-08-13,7.17
2004-08-14,7.22
2004-08-15,7.32
2004-08-16,7.54
2004-08-17,7.73
2004-08-18,7.86
2004-08-19,7.87
2004-08-20,7.79
2004-08-21,7.66
2004-08-22,7.56
2004-08-23,7.52
2004-08-24,7.45
2004-08-25,7.41
2004-08-26,7.4
2004-08-27,7.4
2004-08-28,7.42
2004-08-29,7.47
2004-08-30,7.54
2004-08-31,7.65
2004-09-01,6.575
2004-09-02,5.5
2004-09-03,5.03
2004-09-04,5.25
2004-09-05,5.470000000000001
2004-09-06,5.69
2004-09-07,6.06
2004-09-08,6.88
2004-09-09,7.09
2004-09-10,8.92
2004-09-11,6.6
2004-09-12,5.8
2004-09-13,6.72
2004-09-14,6.82
2004-09-15,7.07
2004-09-16,7.52
2004-09-17,7.97
2004-09-18,8.32
2004-09-19,8.9
2004-09-20,9.09
2004-09-21,9.19
2004-09-22,9.22
2004-09-23,9.19
2004-09-24,9.12
2004-09-25,9.02
2004-09-26,8.87
2004-09-27,8.68
2004-09-28,8.5
2004-09-29,8.36
2004-09-30,8.25
2004-10-01,6.875
2004-10-02,5.5
2004-10-03,5.02
2004-10-04,5.243333333333333
2004-10-05,5.466666666666667
2004-10-06,5.69
2004-10-07,6.1
2004-10-08,6.96
2004-10-09,6.94
2004-10-10,9.2
2004-10-11,6.4
2004-10-12,5.79
2004-10-13,9.42
2004-10-14,9.4
2004-10-15,9.33
2004-10-16,9.24
2004-10-17,9.13
2004-10-18,9.0
2004-10-19,8.8
2004-10-20,8.55
2004-10-21,8.31
2004-10-22,8.05
2004-10-23,7.8
2004-10-24,7.57
2004-10-25,7.38
2004-10-26,7.2
2004-10-27,7.08
2004-10-28,6.93
2004-10-29,6.85
2004-10-30,6.77
2004-10-31,6.77
2004-11-01,6.135
2004-11-02,5.5
2004-11-03,5.01
2004-11-04,5.154999999999999
2004-11-05,5.3
2004-11-06,5.69
2004-11-07,6.15
2004-11-08,7.05
2004-11-09,6.82
2004-11-10,9.35
2004-11-11,8.816666666666666
2004-11-12,8.283333333333333
2004-11-13,7.75
2004-11-14,7.216666666666667
2004-11-15,6.683333333333334
2004-11-16,6.15
2004-11-17,6.08
2004-11-18,6.05
2004-11-19,6.03
2004-11-20,6.01
2004-11-21,5.99
2004-11-22,5.97
2004-11-23,5.95
2004-11-24,5.95
2004-11-25,5.94
2004-11-26,5.9350000000000005
2004-11-27,5.93
2004-11-28,5.925
2004-11-29,5.92
2004-11-30,5.91
2004-12-01,5.705
2004-12-02,5.5
2004-12-03,4.99
2004-12-04,4.86
2004-12-05,5.25
2004-12-06,5.7
2004-12-07,6.26
2004-12-08,7.1
2004-12-09,6.76
2004-12-10,9.41
2004-12-11,6.25
2004-12-12,6.015000000000001
2004-12-13,5.78
2004-12-14,5.78
2004-12-15,5.78
2004-12-16,5.77
2004-12-17,5.77
2004-12-18,5.763333333333333
2004-12-19,5.756666666666667
2004-12-20,5.75
2004-12-21,5.75
2004-12-22,5.75
2004-12-23,5.74
2004-12-24,5.74
2004-12-25,5.736666666666667
2004-12-26,5.733333333333333
2004-12-27,5.73
2004-12-28,5.72
2004-12-29,5.71
2004-12-30,5.7
2004-12-31,5.68
2005-01-01,5.585
2005-01-02,5.49
2005-01-03,5.26
2005-01-04,5.1
2005-01-05,5.085
2005-01-06,5.07
2005-01-07,5.95
2005-01-08,8.05
2005-01-09,7.97
2005-01-10,6.45
2005-01-11,6.195
2005-01-12,5.94
2005-01-13,5.53
2005-01-14,5.51
2005-01-15,5.506666666666667
2005-01-16,5.503333333333333
2005-01-17,5.5
2005-01-18,5.5
2005-01-19,5.5
2005-01-20,5.5
2005-01-21,5.4975000000000005
2005-01-22,5.495
2005-01-23,5.4925
2005-01-24,5.49
2005-01-25,5.49
2005-01-26,5.495
2005-01-27,5.5
2005-01-28,5.5
2005-01-29,5.496666666666667
2005-01-30,5.493333333333333
2005-01-31,5.49
2005-02-01,5.49
2005-02-02,5.49
2005-02-03,5.26
2005-02-04,4.98
2005-02-05,4.7
2005-02-06,5.06
2005-02-07,6.02
2005-02-08,7.9
2005-02-09,7.91
2005-02-10,6.4
2005-02-11,7.24
2005-02-12,5.94
2005-02-13,5.725
2005-02-14,5.51
2005-02-15,5.5
2005-02-16,5.47
2005-02-17,5.44
2005-02-18,5.43
2005-02-19,5.42
2005-02-20,5.41
2005-02-21,5.4
2005-02-22,5.37
2005-02-23,5.34
2005-02-24,5.31
2005-02-25,5.28
2005-02-26,5.276666666666666
2005-02-27,5.273333333333333
2005-02-28,5.27
2005-03-01,5.66
2005-03-02,5.49
2005-03-03,5.26
2005-03-04,5.01
2005-03-05,4.76
2005-03-06,5.05
2005-03-07,6.13
2005-03-08,7.74
2005-03-09,7.88
2005-03-10,6.46
2005-03-11,7.1
2005-03-12,6.3533333333333335
2005-03-13,5.6066666666666665
2005-03-14,4.86
2005-03-15,4.8
2005-03-16,4.73
2005-03-17,4.64
2005-03-18,4.56
2005-03-19,4.54
2005-03-20,4.52
2005-03-21,4.5
2005-03-22,4.49
2005-03-23,4.67
2005-03-24,4.85
2005-03-25,4.92
2005-03-26,4.946666666666666
2005-03-27,4.973333333333334
2005-03-28,5.0
2005-03-29,5.1
2005-03-30,5.19
2005-03-31,5.15
2005-04-01,5.65
2005-04-02,5.49
2005-04-03,5.25
2005-04-04,4.9
2005-04-05,4.85
2005-04-06,5.6
2005-04-07,6.35
2005-04-08,7.59
2005-04-09,7.81
2005-04-10,6.62
2005-04-11,6.093333333333334
2005-04-12,5.566666666666666
2005-04-13,5.04
2005-04-14,5.048
2005-04-15,5.056
2005-04-16,5.064
2005-04-17,5.072
2005-04-18,5.08
2005-04-19,5.07
2005-04-20,4.95
2005-04-21,4.85
2005-04-22,4.7749999999999995
2005-04-23,4.699999999999999
2005-04-24,4.625
2005-04-25,4.55
2005-04-26,4.5
2005-04-27,4.46
2005-04-28,4.42
2005-04-29,4.42
2005-04-30,5.029999999999999
2005-05-01,5.64
2005-05-02,5.376666666666666
2005-05-03,5.113333333333333
2005-05-04,4.85
2005-05-05,4.98
2005-05-06,5.75
2005-05-07,6.52
2005-05-08,7.45
2005-05-09,7.72
2005-05-10,6.79
2005-05-11,6.359999999999999
2005-05-12,5.93
2005-05-13,5.26
2005-05-14,5.273333333333333
2005-05-15,5.286666666666666
2005-05-16,5.3
2005-05-17,5.35
2005-05-18,5.44
2005-05-19,5.48
2005-05-20,5.51
2005-05-21,5.4799999999999995
2005-05-22,5.45
2005-05-23,5.42
2005-05-24,5.33
2005-05-25,5.25
2005-05-26,5.2
2005-05-27,5.18
2005-05-28,5.153333333333333
2005-05-29,5.126666666666666
2005-05-30,5.1
2005-05-31,5.08
2005-06-01,5.63
2005-06-02,5.366666666666666
2005-06-03,5.1033333333333335
2005-06-04,4.84
2005-06-05,5.14
2005-06-06,5.04
2005-06-07,6.71
2005-06-08,7.35
2005-06-09,7.63
2005-06-10,7.0
2005-06-11,6.465
2005-06-12,5.93
2005-06-13,5.3
2005-06-14,5.35
2005-06-15,5.36
2005-06-16,5.37
2005-06-17,5.36
2005-06-18,5.38
2005-06-19,5.36
2005-06-20,5.38
2005-06-21,5.37
2005-06-22,5.4
2005-06-23,5.46
2005-06-24,5.54
2005-06-25,5.63
2005-06-26,5.7
2005-06-27,5.78
2005-06-28,5.81
2005-06-29,5.87
2005-06-30,5.92
2005-07-01,5.62
2005-07-02,5.48
2005-07-03,5.1
2005-07-04,4.91
2005-07-05,5.005
2005-07-06,5.1
2005-07-07,7.11
2005-07-08,7.29
2005-07-09,7.54
2005-07-10,7.11
2005-07-11,6.5
2005-07-12,5.92
2005-07-13,6.77
2005-07-14,6.84
2005-07-15,7.09
2005-07-16,7.46
2005-07-17,7.94
2005-07-18,8.03
2005-07-19,8.04
2005-07-20,8.04
2005-07-21,8.11
2005-07-22,8.26
2005-07-23,8.35
2005-07-24,8.39
2005-07-25,8.42
2005-07-26,8.41
2005-07-27,8.4
2005-07-28,8.32
2005-07-29,8.22
2005-07-30,8.17
2005-07-31,8.14
2005-08-01,6.8100000000000005
2005-08-02,5.48
2005-08-03,5.05
2005-08-04,4.95
2005-08-05,5.0649999999999995
2005-08-06,5.18
2005-08-07,7.41
2005-08-08,7.3
2005-08-09,7.47
2005-08-10,7.1
2005-08-11,6.34
2005-08-12,5.92
2005-08-13,7.48
2005-08-14,7.52
2005-08-15,7.57
2005-08-16,7.64
2005-08-17,7.72
2005-08-18,7.77
2005-08-19,7.82
2005-08-20,7.83
2005-08-21,7.8
2005-08-22,7.72
2005-08-23,7.7
2005-08-24,7.73
2005-08-25,7.81
2005-08-26,7.92
2005-08-27,7.99
2005-08-28,8.03
2005-08-29,8.06
2005-08-30,8.06
2005-08-31,8.02
2005-09-01,6.755
2005-09-02,5.49
2005-09-03,5.0
2005-09-04,5.083333333333333
2005-09-05,5.166666666666667
2005-09-06,5.25
2005-09-07,7.45
2005-09-08,7.31
2005-09-09,7.36
2005-09-10,6.98
2005-09-11,6.27
2005-09-12,5.91
2005-09-13,7.03
2005-09-14,7.01
2005-09-15,6.96
2005-09-16,6.91
2005-09-17,6.91
2005-09-18,6.92
2005-09-19,6.9
2005-09-20,6.87
2005-09-21,6.8
2005-09-22,6.75
2005-09-23,6.7
2005-09-24,6.69
2005-09-25,6.7
2005-09-26,6.7
2005-09-27,6.69
2005-09-28,6.65
2005-09-29,6.59
2005-09-30,6.52
2005-10-01,5.6
2005-10-02,5.5
2005-10-03,4.99
2005-10-04,5.075
2005-10-05,5.16
2005-10-06,5.28
2005-10-07,7.3
2005-10-08,7.32
2005-10-09,7.27
2005-10-10,6.84
2005-10-11,6.22
2005-10-12,6.335
2005-10-13,6.45
2005-10-14,6.36
2005-10-15,6.3
2005-10-16,6.25
2005-10-17,6.23
2005-10-18,6.4
2005-10-19,6.24
2005-10-20,6.26
2005-10-21,6.39
2005-10-22,6.77
2005-10-23,7.31
2005-10-24,7.98
2005-10-25,8.2
2005-10-26,8.27
2005-10-27,8.26
2005-10-28,8.2
2005-10-29,8.1
2005-10-30,7.97
2005-10-31,7.75
2005-11-01,5.57
2005-11-02,5.5
2005-11-03,4.99
2005-11-04,5.01
2005-11-05,5.18
2005-11-06,6.14
2005-11-07,7.1
2005-11-08,7.35
2005-11-09,7.16
2005-11-10,6.67
2005-11-11,6.18
2005-11-12,6.163333333333333
2005-11-13,6.1466666666666665
2005-11-14,6.13
2005-11-15,6.115
2005-11-16,6.1
2005-11-17,6.07
2005-11-18,6.05
2005-11-19,6.05
2005-11-20,6.05
2005-11-21,6.05
2005-11-22,6.0
2005-11-23,5.99
2005-11-24,5.96
2005-11-25,5.94
2005-11-26,5.9366666666666665
2005-11-27,5.933333333333334
2005-11-28,5.93
2005-11-29,5.93
2005-11-30,5.94
2005-12-01,5.55
2005-12-02,5.376666666666667
2005-12-03,5.203333333333333
2005-12-04,5.03
2005-12-05,5.23
2005-12-06,6.065
2005-12-07,6.9
2005-12-08,7.42
2005-12-09,7.08
2005-12-10,6.54
2005-12-11,6.215
2005-12-12,5.89
2005-12-13,5.87
2005-12-14,5.83
2005-12-15,5.8
2005-12-16,5.79
2005-12-17,5.7700000000000005
2005-12-18,5.75
2005-12-19,5.73
2005-12-20,5.7
2005-12-21,5.69
2005-12-22,5.68
2005-12-23,5.68
2005-12-24,5.676666666666667
2005-12-25,5.673333333333333
2005-12-26,5.67
2005-12-27,5.66
2005-12-28,5.66
2005-12-29,5.65
2005-12-30,5.64
2005-12-31,5.493333333333333
2006-01-01,5.346666666666667
2006-01-02,5.2
2006-01-03,4.52
2006-01-04,4.823333333333333
2006-01-05,5.126666666666666
2006-01-06,5.43
2006-01-07,5.77
2006-01-08,8.17
2006-01-09,8.0
2006-01-10,9.98
2006-01-11,6.24
2006-01-12,5.82
2006-01-13,5.45
2006-01-14,5.44
2006-01-15,5.43
2006-01-16,5.42
2006-01-17,5.4
2006-01-18,5.39
2006-01-19,5.36
2006-01-20,5.33
2006-01-21,5.3175
2006-01-22,5.305
2006-01-23,5.2925
2006-01-24,5.28
2006-01-25,5.27
2006-01-26,5.265
2006-01-27,5.26
2006-01-28,5.246666666666666
2006-01-29,5.233333333333333
2006-01-30,5.22
2006-01-31,5.22
2006-02-01,5.67
2006-02-02,5.16
2006-02-03,4.53
2006-02-04,4.58
2006-02-05,4.63
2006-02-06,5.49
2006-02-07,5.92
2006-02-08,8.14
2006-02-09,7.86
2006-02-10,9.85
2006-02-11,6.24
2006-02-12,5.545
2006-02-13,4.85
2006-02-14,4.85
2006-02-15,4.84
2006-02-16,4.84
2006-02-17,4.83
2006-02-18,4.816666666666666
2006-02-19,4.803333333333334
2006-02-20,4.79
2006-02-21,4.75
2006-02-22,4.7
2006-02-23,4.67
2006-02-24,4.62
2006-02-25,4.596666666666667
2006-02-26,4.573333333333333
2006-02-27,4.55
2006-02-28,4.53
2006-03-01,5.65
2006-03-02,5.095000000000001
2006-03-03,4.54
2006-03-04,4.85
2006-03-05,4.87
2006-03-06,5.385
2006-03-07,5.9
2006-03-08,8.1
2006-03-09,7.67
2006-03-10,9.72
2006-03-11,6.24
2006-03-12,5.35
2006-03-13,4.46
2006-03-14,4.279999999999999
2006-03-15,4.1
2006-03-16,4.03
2006-03-17,3.95
2006-03-18,3.9
2006-03-19,3.85
2006-03-20,3.8
2006-03-21,3.75
2006-03-22,3.83
2006-03-23,3.98
2006-03-24,4.48
2006-03-25,4.613333333333333
2006-03-26,4.746666666666667
2006-03-27,4.88
2006-03-28,4.92
2006-03-29,4.9
2006-03-30,4.88
2006-03-31,4.86
2006-04-01,5.63
2006-04-02,5.276666666666666
2006-04-03,4.923333333333334
2006-04-04,4.57
2006-04-05,4.77
2006-04-06,5.279999999999999
2006-04-07,5.79
2006-04-08,8.03
2006-04-09,7.52
2006-04-10,9.61
2006-04-11,7.715
2006-04-12,5.82
2006-04-13,4.48
2006-04-14,4.57
2006-04-15,4.66
2006-04-16,4.75
2006-04-17,4.84
2006-04-18,4.82
2006-04-19,4.68
2006-04-20,4.55
2006-04-21,4.3875
2006-04-22,4.225
2006-04-23,4.0625
2006-04-24,3.9
2006-04-25,3.86
2006-04-26,3.85
2006-04-27,3.93
2006-04-28,4.0
2006-04-29,4.533333333333333
2006-04-30,5.066666666666666
2006-05-01,5.6
2006-05-02,5.12
2006-05-03,4.64
2006-05-04,4.16
2006-05-05,4.84
2006-05-06,5.8
2006-05-07,5.67
2006-05-08,7.92
2006-05-09,7.4
2006-05-10,9.48
2006-05-11,7.65
2006-05-12,5.82
2006-05-13,5.513333333333334
2006-05-14,5.206666666666667
2006-05-15,4.9
2006-05-16,4.87
2006-05-17,4.85
2006-05-18,4.83
2006-05-19,4.88
2006-05-20,4.953333333333333
2006-05-21,5.026666666666666
2006-05-22,5.1
2006-05-23,5.16
2006-05-24,5.15
2006-05-25,5.15
2006-05-26,5.12
2006-05-27,5.19
2006-05-28,5.26
2006-05-29,5.33
2006-05-30,5.3
2006-05-31,5.37
2006-06-01,5.55
2006-06-02,5.09
2006-06-03,4.55
2006-06-04,4.0
2006-06-05,5.04
2006-06-06,6.08
2006-06-07,5.58
2006-06-08,7.8
2006-06-09,7.39
2006-06-10,9.35
2006-06-11,6.23
2006-06-12,5.82
2006-06-13,6.33
2006-06-14,6.15
2006-06-15,6.0
2006-06-16,5.88
2006-06-17,5.8
2006-06-18,5.76
2006-06-19,5.71
2006-06-20,5.65
2006-06-21,5.62
2006-06-22,5.59
2006-06-23,5.62
2006-06-24,5.66
2006-06-25,5.7
2006-06-26,5.72
2006-06-27,5.75
2006-06-28,5.76
2006-06-29,5.75
2006-06-30,5.73
2006-07-01,5.37
2006-07-02,5.01
2006-07-03,4.55
2006-07-04,4.13
2006-07-05,5.135
2006-07-06,6.14
2006-07-07,5.48
2006-07-08,7.62
2006-07-09,7.4
2006-07-10,9.21
2006-07-11,6.2
2006-07-12,5.86
2006-07-13,8.72
2006-07-14,8.98
2006-07-15,9.14
2006-07-16,9.18
2006-07-17,9.17
2006-07-18,9.11
2006-07-19,9.0
2006-07-20,8.93
2006-07-21,8.85
2006-07-22,8.78
2006-07-23,8.77
2006-07-24,8.72
2006-07-25,8.64
2006-07-26,8.55
2006-07-27,8.44
2006-07-28,8.35
2006-07-29,8.28
2006-07-30,8.23
2006-07-31,8.19
2006-08-01,7.045
2006-08-02,5.9
2006-08-03,4.54
2006-08-04,4.745
2006-08-05,4.95
2006-08-06,6.16
2006-08-07,5.5
2006-08-08,7.45
2006-08-09,7.29
2006-08-10,9.05
2006-08-11,6.16
2006-08-12,5.88
2006-08-13,7.5
2006-08-14,7.56
2006-08-15,7.53
2006-08-16,7.46
2006-08-17,7.42
2006-08-18,7.31
2006-08-19,7.21
2006-08-20,7.15
2006-08-21,7.1
2006-08-22,7.16
2006-08-23,7.35
2006-08-24,7.73
2006-08-25,7.91
2006-08-26,7.97
2006-08-27,8.02
2006-08-28,7.97
2006-08-29,7.9
2006-08-30,8.04
2006-08-31,8.02
2006-09-01,5.45
2006-09-02,4.984999999999999
2006-09-03,4.52
2006-09-04,4.744999999999999
2006-09-05,4.97
2006-09-06,6.63
2006-09-07,5.53
2006-09-08,7.31
2006-09-09,7.18
2006-09-10,8.85
2006-09-11,6.15
2006-09-12,6.82
2006-09-13,7.49
2006-09-14,7.56
2006-09-15,6.56
2006-09-16,7.52
2006-09-17,7.45
2006-09-18,7.35
2006-09-19,7.25
2006-09-20,7.15
2006-09-21,7.22
2006-09-22,7.61
2006-09-23,8.66
2006-09-24,9.27
2006-09-25,9.57
2006-09-26,9.81
2006-09-27,9.99
2006-09-28,10.09
2006-09-29,10.11
2006-09-30,10.07
2006-10-01,5.44
2006-10-02,4.86
2006-10-03,4.5
2006-10-04,4.3
2006-10-05,4.99
2006-10-06,6.75
2006-10-07,6.02
2006-10-08,7.21
2006-10-09,7.15
2006-10-10,8.6
2006-10-11,6.11
2006-10-12,6.970000000000001
2006-10-13,7.83
2006-10-14,7.6
2006-10-15,7.39
2006-10-16,7.13
2006-10-17,6.98
2006-10-18,6.88
2006-10-19,6.8
2006-10-20,9.77
2006-10-21,8.746666666666666
2006-10-22,7.723333333333333
2006-10-23,6.7
2006-10-24,6.663333333333333
2006-10-25,6.626666666666667
2006-10-26,6.59
2006-10-27,6.55
2006-10-28,6.493333333333333
2006-10-29,6.4366666666666665
2006-10-30,6.38
2006-10-31,6.3
2006-11-01,6.04
2006-11-02,5.78
2006-11-03,5.52
2006-11-04,5.26
2006-11-05,5.0
2006-11-06,6.72
2006-11-07,7.55
2006-11-08,7.18
2006-11-09,7.22
2006-11-10,8.34
2006-11-11,7.095
2006-11-12,5.85
2006-11-13,6.08
2006-11-14,6.08
2006-11-15,6.08
2006-11-16,6.07
2006-11-17,6.05
2006-11-18,6.033333333333333
2006-11-19,6.016666666666667
2006-11-20,6.0
2006-11-21,5.99
2006-11-22,5.99
2006-11-23,5.98
2006-11-24,5.96
2006-11-25,5.946666666666666
2006-11-26,5.933333333333334
2006-11-27,5.92
2006-11-28,5.92
2006-11-29,5.92
2006-11-30,5.92
2006-12-01,5.44
2006-12-02,5.093333333333334
2006-12-03,4.746666666666667
2006-12-04,4.4
2006-12-05,5.01
2006-12-06,6.52
2006-12-07,8.35
2006-12-08,7.29
2006-12-09,7.34
2006-12-10,8.07
2006-12-11,6.96
2006-12-12,5.85
2006-12-13,5.85
2006-12-14,5.845
2006-12-15,5.84
2006-12-16,5.816666666666666
2006-12-17,5.793333333333333
2006-12-18,5.77
2006-12-19,5.76
2006-12-20,5.75
2006-12-21,5.73
2006-12-22,5.72
2006-12-23,5.715
2006-12-24,5.71
2006-12-25,5.705
2006-12-26,5.7
2006-12-27,5.68
2006-12-28,5.66
2006-12-29,5.63
2006-12-30,5.5725
2006-12-31,5.515000000000001
2007-01-01,5.4575000000000005
2007-01-02,5.4
2007-01-03,5.52
2007-01-04,5.5
2007-01-05,5.4799999999999995
2007-01-06,5.46
2007-01-07,5.9
2007-01-08,9.11
2007-01-09,8.06
2007-01-10,9.97
2007-01-11,6.53
2007-01-12,6.2775
2007-01-13,6.025
2007-01-14,5.7725
2007-01-15,5.52
2007-01-16,5.5
2007-01-17,5.49
2007-01-18,5.46
2007-01-19,5.46
2007-01-20,5.456666666666667
2007-01-21,5.453333333333333
2007-01-22,5.45
2007-01-23,5.445
2007-01-24,5.44
2007-01-25,5.44
2007-01-26,5.4350000000000005
2007-01-27,5.43
2007-01-28,5.425
2007-01-29,5.42
2007-01-30,5.415
2007-01-31,5.41
2007-02-01,5.62
2007-02-02,5.38
2007-02-03,5.53
2007-02-04,5.46
2007-02-05,5.49
2007-02-06,5.71
2007-02-07,5.93
2007-02-08,9.17
2007-02-09,7.93
2007-02-10,9.86
2007-02-11,6.49
2007-02-12,5.77
2007-02-13,5.05
2007-02-14,5.09
2007-02-15,5.13
2007-02-16,5.17
2007-02-17,5.226666666666667
2007-02-18,5.283333333333333
2007-02-19,5.34
2007-02-20,5.4
2007-02-21,5.42
2007-02-22,5.43
2007-02-23,5.45
2007-02-24,5.46
2007-02-25,5.470000000000001
2007-02-26,5.48
2007-02-27,5.49
2007-02-28,5.5
2007-03-01,5.62
2007-03-02,5.5633333333333335
2007-03-03,5.506666666666667
2007-03-04,5.45
2007-03-05,5.49
2007-03-06,5.745
2007-03-07,6.0
2007-03-08,9.28
2007-03-09,7.8
2007-03-10,9.75
2007-03-11,7.805
2007-03-12,5.86
2007-03-13,5.49
2007-03-14,5.48
2007-03-15,5.48
2007-03-16,5.49
2007-03-17,5.506666666666667
2007-03-18,5.523333333333333
2007-03-19,5.54
2007-03-20,5.56
2007-03-21,5.57
2007-03-22,5.57
2007-03-23,5.56
2007-03-24,5.533333333333333
2007-03-25,5.506666666666667
2007-03-26,5.48
2007-03-27,5.46
2007-03-28,5.43
2007-03-29,5.41
2007-03-30,5.43
2007-03-31,5.52
2007-04-01,5.61
2007-04-02,5.556666666666667
2007-04-03,5.503333333333334
2007-04-04,5.45
2007-04-05,5.5
2007-04-06,5.57
2007-04-07,6.03
2007-04-08,9.39
2007-04-09,7.69
2007-04-10,9.61
2007-04-11,7.7299999999999995
2007-04-12,5.85
2007-04-13,5.45
2007-04-14,5.45
2007-04-15,5.45
2007-04-16,5.45
2007-04-17,5.45
2007-04-18,5.46
2007-04-19,5.47
2007-04-20,5.48
2007-04-21,5.483333333333333
2007-04-22,5.486666666666667
2007-04-23,5.49
2007-04-24,5.5
2007-04-25,5.5
2007-04-26,5.49
2007-04-27,5.5
2007-04-28,5.5
2007-04-29,5.5
2007-04-30,5.5
2007-05-01,5.61
2007-05-02,5.33
2007-05-03,5.54
2007-05-04,5.45
2007-05-05,5.52
2007-05-06,5.59
2007-05-07,6.32
2007-05-08,9.4
2007-05-09,7.57
2007-05-10,9.52
2007-05-11,6.39
2007-05-12,5.84
2007-05-13,5.705
2007-05-14,5.57
2007-05-15,5.57
2007-05-16,5.58
2007-05-17,5.58
2007-05-18,5.6
2007-05-19,5.596666666666667
2007-05-20,5.593333333333333
2007-05-21,5.59
2007-05-22,5.59
2007-05-23,5.59
2007-05-24,5.59
2007-05-25,5.59
2007-05-26,5.586666666666667
2007-05-27,5.583333333333333
2007-05-28,5.58
2007-05-29,5.55
2007-05-30,5.52
2007-05-31,5.48
2007-06-01,5.37
2007-06-02,5.26
2007-06-03,5.55
2007-06-04,5.5633333333333335
2007-06-05,5.576666666666666
2007-06-06,5.59
2007-06-07,6.74
2007-06-08,9.4
2007-06-09,7.53
2007-06-10,9.4
2007-06-11,6.34
2007-06-12,5.84
2007-06-13,5.77
2007-06-14,5.81
2007-06-15,5.94
2007-06-16,6.13
2007-06-17,6.29
2007-06-18,6.39
2007-06-19,6.47
2007-06-20,6.48
2007-06-21,6.42
2007-06-22,6.33
2007-06-23,6.28
2007-06-24,6.22
2007-06-25,6.15
2007-06-26,6.13
2007-06-27,6.1
2007-06-28,6.0
2007-06-29,5.95
2007-06-30,5.94
2007-07-01,5.585000000000001
2007-07-02,5.23
2007-07-03,5.56
2007-07-04,5.529999999999999
2007-07-05,5.5
2007-07-06,5.59
2007-07-07,7.33
2007-07-08,9.38
2007-07-09,7.61
2007-07-10,9.28
2007-07-11,6.34
2007-07-12,5.83
2007-07-13,6.9
2007-07-14,6.65
2007-07-15,6.49
2007-07-16,6.36
2007-07-17,6.25
2007-07-18,6.53
2007-07-19,7.02
2007-07-20,7.26
2007-07-21,7.72
2007-07-22,8.27
2007-07-23,8.42
2007-07-24,8.49
2007-07-25,8.64
2007-07-26,8.8
2007-07-27,8.89
2007-07-28,8.99
2007-07-29,9.03
2007-07-30,9.07
2007-07-31,9.09
2007-08-01,5.6
2007-08-02,5.22
2007-08-03,5.56
2007-08-04,5.535
2007-08-05,5.51
2007-08-06,5.58
2007-08-07,7.49
2007-08-08,9.3
2007-08-09,7.81
2007-08-10,9.17
2007-08-11,6.31
2007-08-12,7.470000000000001
2007-08-13,8.63
2007-08-14,8.48
2007-08-15,8.76
2007-08-16,9.03
2007-08-17,9.18
2007-08-18,9.25
2007-08-19,9.27
2007-08-20,9.31
2007-08-21,9.32
2007-08-22,9.29
2007-08-23,9.2
2007-08-24,9.1
2007-08-25,8.94
2007-08-26,8.73
2007-08-27,8.55
2007-08-28,8.4
2007-08-29,8.25
2007-08-30,8.21
2007-08-31,8.15
2007-09-01,5.6
2007-09-02,5.2
2007-09-03,5.55
2007-09-04,5.44
2007-09-05,6.096666666666667
2007-09-06,6.753333333333334
2007-09-07,7.41
2007-09-08,9.2
2007-09-09,8.08
2007-09-10,9.06
2007-09-11,8.92
2007-09-12,8.780000000000001
2007-09-13,8.64
2007-09-14,8.64
2007-09-15,8.58
2007-09-16,8.52
2007-09-17,8.44
2007-09-18,8.32
2007-09-19,8.14
2007-09-20,7.98
2007-09-21,7.81
2007-09-22,7.69
2007-09-23,7.63
2007-09-24,7.92
2007-09-25,8.75
2007-09-26,9.39
2007-09-27,9.74
2007-09-28,9.94
2007-09-29,10.01
2007-09-30,10.01
2007-10-01,5.58
2007-10-02,5.536666666666667
2007-10-03,5.493333333333333
2007-10-04,5.45
2007-10-05,5.55
2007-10-06,6.47
2007-10-07,7.39
2007-10-08,9.07
2007-10-09,8.31
2007-10-10,8.92
2007-10-11,7.37
2007-10-12,5.82
2007-10-13,8.32
2007-10-14,8.12
2007-10-15,7.99
2007-10-16,7.88
2007-10-17,7.8
2007-10-18,7.81
2007-10-19,7.74
2007-10-20,7.6525
2007-10-21,7.5649999999999995
2007-10-22,7.4775
2007-10-23,7.39
2007-10-24,7.3
2007-10-25,7.245
2007-10-26,7.19
2007-10-27,7.073333333333333
2007-10-28,6.956666666666667
2007-10-29,6.84
2007-10-30,6.7
2007-10-31,6.6
2007-11-01,5.57
2007-11-02,5.53
2007-11-03,5.49
2007-11-04,5.45
2007-11-05,5.56
2007-11-06,5.6
2007-11-07,7.37
2007-11-08,8.92
2007-11-09,8.47
2007-11-10,8.74
2007-11-11,7.28
2007-11-12,5.82
2007-11-13,6.11
2007-11-14,6.08
2007-11-15,6.06
2007-11-16,6.03
2007-11-17,6.0200000000000005
2007-11-18,6.01
2007-11-19,6.0
2007-11-20,5.97
2007-11-21,5.95
2007-11-22,5.96
2007-11-23,5.97
2007-11-24,5.963333333333333
2007-11-25,5.956666666666667
2007-11-26,5.95
2007-11-27,5.94
2007-11-28,5.93
2007-11-29,5.91
2007-11-30,5.9
2007-12-01,5.56
2007-12-02,5.09
2007-12-03,5.5
2007-12-04,5.45
2007-12-05,5.535
2007-12-06,5.62
2007-12-07,7.19
2007-12-08,8.77
2007-12-09,8.57
2007-12-10,8.53
2007-12-11,6.15
2007-12-12,5.81
2007-12-13,5.81
2007-12-14,5.8
2007-12-15,5.796666666666667
2007-12-16,5.793333333333333
2007-12-17,5.79
2007-12-18,5.76
2007-12-19,5.74
2007-12-20,5.73
2007-12-21,5.735
2007-12-22,5.74
2007-12-23,5.745
2007-12-24,5.75
2007-12-25,5.75
2007-12-26,5.75
2007-12-27,5.75
2007-12-28,5.75
2007-12-29,5.74
2007-12-30,5.7299999999999995
2007-12-31,5.72
2008-01-01,5.7
2008-01-02,5.51
2008-01-03,5.265
2008-01-04,5.02
2008-01-05,5.3566666666666665
2008-01-06,5.693333333333333
2008-01-07,6.03
2008-01-08,8.14
2008-01-09,8.22
2008-01-10,8.18
2008-01-11,6.91
2008-01-12,5.64
2008-01-13,5.59
2008-01-14,5.54
2008-01-15,5.53
2008-01-16,5.5
2008-01-17,5.5
2008-01-18,5.51
2008-01-19,5.523333333333333
2008-01-20,5.536666666666666
2008-01-21,5.55
2008-01-22,5.54
2008-01-23,5.535
2008-01-24,5.53
2008-01-25,5.51
2008-01-26,5.513333333333333
2008-01-27,5.516666666666667
2008-01-28,5.52
2008-01-29,5.51
2008-01-30,5.52
2008-01-31,5.52
2008-02-01,5.69
2008-02-02,5.426666666666667
2008-02-03,5.163333333333334
2008-02-04,4.9
2008-02-05,4.85
2008-02-06,5.12
2008-02-07,6.43
2008-02-08,8.03
2008-02-09,8.24
2008-02-10,8.29
2008-02-11,6.959999999999999
2008-02-12,5.63
2008-02-13,5.57
2008-02-14,5.54
2008-02-15,5.52
2008-02-16,5.5
2008-02-17,5.4799999999999995
2008-02-18,5.46
2008-02-19,5.43
2008-02-20,5.46
2008-02-21,5.45
2008-02-22,5.46
2008-02-23,5.423333333333333
2008-02-24,5.386666666666667
2008-02-25,5.35
2008-02-26,5.28
2008-02-27,5.2
2008-02-28,5.16
2008-02-29,5.16
2008-03-01,5.67
2008-03-02,5.385
2008-03-03,5.1
2008-03-04,4.74
2008-03-05,4.93
2008-03-06,5.12
2008-03-07,6.76
2008-03-08,7.95
2008-03-09,8.22
2008-03-10,8.25
2008-03-11,6.08
2008-03-12,5.62
2008-03-13,4.75
2008-03-14,4.66
2008-03-15,4.55
2008-03-16,4.44
2008-03-17,4.33
2008-03-18,4.25
2008-03-19,4.18
2008-03-20,4.12
2008-03-21,4.32
2008-03-22,4.52
2008-03-23,4.72
2008-03-24,4.92
2008-03-25,5.06
2008-03-26,5.04
2008-03-27,5.03
2008-03-28,5.02
2008-03-29,5.02
2008-03-30,5.02
2008-03-31,5.02
2008-04-01,5.63
2008-04-02,5.51
2008-04-03,5.05
2008-04-04,4.67
2008-04-05,4.91
2008-04-06,5.15
2008-04-07,7.09
2008-04-08,7.91
2008-04-09,8.14
2008-04-10,8.11
2008-04-11,6.0
2008-04-12,5.63
2008-04-13,5.4
2008-04-14,5.17
2008-04-15,4.94
2008-04-16,4.99
2008-04-17,5.02
2008-04-18,5.03
2008-04-19,5.026666666666666
2008-04-20,5.023333333333333
2008-04-21,5.02
2008-04-22,5.02
2008-04-23,5.01
2008-04-24,4.85
2008-04-25,4.66
2008-04-26,4.62
2008-04-27,4.58
2008-04-28,4.54
2008-04-29,4.41
2008-04-30,4.27
2008-05-01,4.9
2008-05-02,5.53
2008-05-03,5.0
2008-05-04,5.0600000000000005
2008-05-05,5.12
2008-05-06,5.27
2008-05-07,7.39
2008-05-08,7.82
2008-05-09,8.04
2008-05-10,7.92
2008-05-11,5.95
2008-05-12,5.57
2008-05-13,5.363333333333333
2008-05-14,5.156666666666667
2008-05-15,4.95
2008-05-16,4.87
2008-05-17,4.956666666666667
2008-05-18,5.043333333333333
2008-05-19,5.13
2008-05-20,5.18
2008-05-21,5.15
2008-05-22,5.11
2008-05-23,5.06
2008-05-24,5.066666666666666
2008-05-25,5.073333333333333
2008-05-26,5.08
2008-05-27,5.1
2008-05-28,5.12
2008-05-29,5.14
2008-05-30,5.16
2008-05-31,5.286666666666667
2008-06-01,5.413333333333333
2008-06-02,5.54
2008-06-03,4.95
2008-06-04,5.08
2008-06-05,5.21
2008-06-06,5.39
2008-06-07,7.66
2008-06-08,7.73
2008-06-09,7.94
2008-06-10,7.72
2008-06-11,5.9
2008-06-12,5.925000000000001
2008-06-13,5.95
2008-06-14,5.92
2008-06-15,5.87
2008-06-16,5.86
2008-06-17,5.88
2008-06-18,5.93
2008-06-19,6.05
2008-06-20,6.23
2008-06-21,6.33
2008-06-22,6.36
2008-06-23,6.35
2008-06-24,6.29
2008-06-25,6.2
2008-06-26,6.07
2008-06-27,6.95
2008-06-28,6.89
2008-06-29,6.88
2008-06-30,6.86
2008-07-01,5.6
2008-07-02,5.56
2008-07-03,4.87
2008-07-04,4.5
2008-07-05,5.22
2008-07-06,5.45
2008-07-07,8.03
2008-07-08,7.62
2008-07-09,7.84
2008-07-10,7.57
2008-07-11,5.85
2008-07-12,6.82
2008-07-13,7.79
2008-07-14,7.69
2008-07-15,7.97
2008-07-16,8.21
2008-07-17,8.42
2008-07-18,8.55
2008-07-19,8.56
2008-07-20,8.57
2008-07-21,8.66
2008-07-22,8.75
2008-07-23,8.83
2008-07-24,8.88
2008-07-25,8.86
2008-07-26,8.77
2008-07-27,8.69
2008-07-28,8.6
2008-07-29,8.48
2008-07-30,8.39
2008-07-31,8.26
2008-08-01,5.59
2008-08-02,5.56
2008-08-03,5.005
2008-08-04,4.45
2008-08-05,4.975
2008-08-06,5.5
2008-08-07,8.16
2008-08-08,7.56
2008-08-09,7.64
2008-08-10,7.45
2008-08-11,6.5
2008-08-12,5.55
2008-08-13,8.25
2008-08-14,8.52
2008-08-15,8.65
2008-08-16,8.72
2008-08-17,8.82
2008-08-18,8.85
2008-08-19,8.85
2008-08-20,8.82
2008-08-21,8.83
2008-08-22,8.87
2008-08-23,8.88
2008-08-24,8.88
2008-08-25,8.77
2008-08-26,8.62
2008-08-27,8.41
2008-08-28,8.19
2008-08-29,7.99
2008-08-30,7.92
2008-08-31,8.12
2008-09-01,5.58
2008-09-02,5.2
2008-09-03,4.82
2008-09-04,4.44
2008-09-05,5.25
2008-09-06,5.55
2008-09-07,8.18
2008-09-08,7.55
2008-09-09,7.64
2008-09-10,7.34
2008-09-11,7.28
2008-09-12,7.22
2008-09-13,7.16
2008-09-14,7.06
2008-09-15,6.93
2008-09-16,6.83
2008-09-17,6.88
2008-09-18,7.03
2008-09-19,7.14
2008-09-20,7.28
2008-09-21,7.4
2008-09-22,7.44
2008-09-23,7.37
2008-09-24,7.31
2008-09-25,7.35
2008-09-26,7.59
2008-09-27,7.59
2008-09-28,7.89
2008-09-29,8.06
2008-09-30,8.12
2008-10-01,5.58
2008-10-02,5.205
2008-10-03,4.83
2008-10-04,4.43
2008-10-05,5.045
2008-10-06,5.66
2008-10-07,8.12
2008-10-08,7.82
2008-10-09,7.54
2008-10-10,7.22
2008-10-11,5.76
2008-10-12,5.52
2008-10-13,6.89
2008-10-14,6.8
2008-10-15,6.72
2008-10-16,6.65
2008-10-17,6.56
2008-10-18,6.47
2008-10-19,6.39
2008-10-20,6.35
2008-10-21,6.39
2008-10-22,6.26
2008-10-23,6.18
2008-10-24,6.12
2008-10-25,6.09
2008-10-26,6.11
2008-10-27,6.17
2008-10-28,6.22
2008-10-29,6.3
2008-10-30,6.34
2008-10-31,6.32
2008-11-01,5.56
2008-11-02,5.199999999999999
2008-11-03,4.84
2008-11-04,4.42
2008-11-05,5.12
2008-11-06,5.82
2008-11-07,7.99
2008-11-08,7.82
2008-11-09,7.42
2008-11-10,7.1
2008-11-11,5.76
2008-11-12,5.51
2008-11-13,5.645
2008-11-14,5.78
2008-11-15,5.766666666666667
2008-11-16,5.753333333333334
2008-11-17,5.74
2008-11-18,5.73
2008-11-19,5.7
2008-11-20,5.67
2008-11-21,5.66
2008-11-22,5.653333333333333
2008-11-23,5.6466666666666665
2008-11-24,5.64
2008-11-25,5.55
2008-11-26,5.57
2008-11-27,5.63
2008-11-28,5.66
2008-11-29,5.6375
2008-11-30,5.615
2008-12-01,5.5925
2008-12-02,5.57
2008-12-03,4.85
2008-12-04,5.035
2008-12-05,5.22
2008-12-06,5.92
2008-12-07,7.87
2008-12-08,8.02
2008-12-09,7.3
2008-12-10,7.0
2008-12-11,5.76
2008-12-12,5.5
2008-12-13,5.5
2008-12-14,5.5
2008-12-15,5.5
2008-12-16,5.52
2008-12-17,5.57
2008-12-18,5.56
2008-12-19,5.53
2008-12-20,5.5200000000000005
2008-12-21,5.51
2008-12-22,5.5
2008-12-23,5.5
2008-12-24,5.5
2008-12-25,5.5
2008-12-26,5.5
2008-12-27,5.5
2008-12-28,5.5
2008-12-29,5.5
2008-12-30,5.49
2008-12-31,5.48
2009-01-01,5.48
2009-01-02,5.346666666666667
2009-01-03,5.213333333333334
2009-01-04,5.08
2009-01-05,5.63
2009-01-06,6.18
2009-01-07,5.44
2009-01-08,5.87
2009-01-09,7.72
2009-01-10,6.79
2009-01-11,6.25
2009-01-12,5.71
2009-01-13,5.42
2009-01-14,5.41
2009-01-15,5.4
2009-01-16,5.38
2009-01-17,5.373333333333333
2009-01-18,5.366666666666667
2009-01-19,5.36
2009-01-20,5.31
2009-01-21,5.32
2009-01-22,5.31
2009-01-23,5.308
2009-01-24,5.306
2009-01-25,5.303999999999999
2009-01-26,5.302
2009-01-27,5.3
2009-01-28,5.31
2009-01-29,5.3
2009-01-30,5.3
2009-01-31,5.390000000000001
2009-02-01,5.48
2009-02-02,5.29
2009-02-03,4.88
2009-02-04,5.05
2009-02-05,5.51
2009-02-06,5.97
2009-02-07,5.44
2009-02-08,5.99
2009-02-09,7.61
2009-02-10,6.7
2009-02-11,6.21
2009-02-12,5.72
2009-02-13,5.34
2009-02-14,5.31
2009-02-15,5.28
2009-02-16,5.25
2009-02-17,5.23
2009-02-18,5.21
2009-02-19,5.2
2009-02-20,5.19
2009-02-21,5.176666666666667
2009-02-22,5.163333333333334
2009-02-23,5.15
2009-02-24,5.1
2009-02-25,5.01
2009-02-26,5.0
2009-02-27,4.94
2009-02-28,5.053333333333334
2009-03-01,5.166666666666667
2009-03-02,5.28
2009-03-03,4.82
2009-03-04,4.9
2009-03-05,5.34
2009-03-06,5.78
2009-03-07,5.46
2009-03-08,6.09
2009-03-09,7.5
2009-03-10,6.68
2009-03-11,6.04
2009-03-12,5.73
2009-03-13,4.6
2009-03-14,4.566666666666666
2009-03-15,4.533333333333333
2009-03-16,4.5
2009-03-17,4.1
2009-03-18,3.99
2009-03-19,3.9
2009-03-20,3.83
2009-03-21,3.81
2009-03-22,3.79
2009-03-23,3.77
2009-03-24,4.06
2009-03-25,4.26
2009-03-26,4.57
2009-03-27,4.95
2009-03-28,4.983333333333333
2009-03-29,5.016666666666667
2009-03-30,5.05
2009-03-31,5.09
2009-04-01,5.18
2009-04-02,5.27
2009-04-03,4.81
2009-04-04,4.715
2009-04-05,4.62
2009-04-06,5.66
2009-04-07,5.5
2009-04-08,6.26
2009-04-09,7.45
2009-04-10,6.69
2009-04-11,6.02
2009-04-12,5.72
2009-04-13,4.44
2009-04-14,4.57
2009-04-15,4.7
2009-04-16,4.83
2009-04-17,4.85
2009-04-18,4.866666666666666
2009-04-19,4.883333333333334
2009-04-20,4.9
2009-04-21,4.88
2009-04-22,4.37
2009-04-23,4.86
2009-04-24,4.77
2009-04-25,4.62
2009-04-26,4.47
2009-04-27,4.32
2009-04-28,4.24
2009-04-29,4.23
2009-04-30,4.33
2009-05-01,5.39
2009-05-02,5.27
2009-05-03,4.8
2009-05-04,4.755
2009-05-05,4.71
2009-05-06,5.59
2009-05-07,5.55
2009-05-08,6.5
2009-05-09,7.44
2009-05-10,6.72
2009-05-11,6.02
2009-05-12,5.515
2009-05-13,5.01
2009-05-14,4.9
2009-05-15,4.84
2009-05-16,4.8133333333333335
2009-05-17,4.786666666666666
2009-05-18,4.76
2009-05-19,4.71
2009-05-20,4.66
2009-05-21,4.67
2009-05-22,4.74
2009-05-23,4.806666666666667
2009-05-24,4.873333333333334
2009-05-25,4.94
2009-05-26,5.18
2009-05-27,5.51
2009-05-28,5.86
2009-05-29,6.14
2009-05-30,6.26
2009-05-31,6.27
2009-06-01,5.36
2009-06-02,5.27
2009-06-03,4.78
2009-06-04,4.65
2009-06-05,5.09
2009-06-06,5.53
2009-06-07,5.57
2009-06-08,6.7
2009-06-09,7.53
2009-06-10,6.73
2009-06-11,6.0
2009-06-12,5.7
2009-06-13,5.4
2009-06-14,5.39
2009-06-15,5.4
2009-06-16,5.38
2009-06-17,5.34
2009-06-18,5.32
2009-06-19,5.31
2009-06-20,5.31
2009-06-21,5.31
2009-06-22,5.33
2009-06-23,5.33
2009-06-24,5.35
2009-06-25,5.36
2009-06-26,5.37
2009-06-27,5.38
2009-06-28,5.39
2009-06-29,5.38
2009-06-30,5.4
2009-07-01,5.34
2009-07-02,5.076666666666666
2009-07-03,4.8133333333333335
2009-07-04,4.55
2009-07-05,5.02
2009-07-06,5.49
2009-07-07,5.6
2009-07-08,6.84
2009-07-09,7.65
2009-07-10,6.81
2009-07-11,6.26
2009-07-12,5.71
2009-07-13,5.58
2009-07-14,5.54
2009-07-15,5.51
2009-07-16,5.5
2009-07-17,5.47
2009-07-18,5.44
2009-07-19,5.43
2009-07-20,5.42
2009-07-21,5.41
2009-07-22,5.51
2009-07-23,5.83
2009-07-24,5.85
2009-07-25,5.81
2009-07-26,5.79
2009-07-27,5.79
2009-07-28,5.77
2009-07-29,5.74
2009-07-30,5.77
2009-07-31,5.81
2009-08-01,5.47
2009-08-02,5.13
2009-08-03,4.79
2009-08-04,4.45
2009-08-05,4.89
2009-08-06,5.46
2009-08-07,5.6
2009-08-08,6.91
2009-08-09,8.5
2009-08-10,6.93
2009-08-11,6.32
2009-08-12,5.71
2009-08-13,7.02
2009-08-14,6.97
2009-08-15,6.92
2009-08-16,7.1
2009-08-17,7.15
2009-08-18,7.12
2009-08-19,7.09
2009-08-20,7.12
2009-08-21,7.19
2009-08-22,7.28
2009-08-23,7.5
2009-08-24,7.6
2009-08-25,7.59
2009-08-26,7.56
2009-08-27,7.53
2009-08-28,7.53
2009-08-29,7.54
2009-08-30,7.59
2009-08-31,7.75
2009-09-01,5.35
2009-09-02,5.28
2009-09-03,4.78
2009-09-04,4.32
2009-09-05,4.880000000000001
2009-09-06,5.44
2009-09-07,5.61
2009-09-08,6.93
2009-09-09,8.87
2009-09-10,7.12
2009-09-11,5.89
2009-09-12,5.7
2009-09-13,8.97
2009-09-14,8.9
2009-09-15,8.81
2009-09-16,8.72
2009-09-17,8.62
2009-09-18,8.5
2009-09-19,8.38
2009-09-20,8.27
2009-09-21,8.16
2009-09-22,8.09
2009-09-23,8.0
2009-09-24,7.83
2009-09-25,7.65
2009-09-26,7.5
2009-09-27,7.31
2009-09-28,7.15
2009-09-29,7.0
2009-09-30,6.88
2009-10-01,6.08
2009-10-02,5.28
2009-10-03,5.315
2009-10-04,5.35
2009-10-05,5.385
2009-10-06,5.42
2009-10-07,5.63
2009-10-08,7.02
2009-10-09,8.94
2009-10-10,7.51
2009-10-11,5.8
2009-10-12,5.68
2009-10-13,7.39
2009-10-14,7.29
2009-10-15,7.2
2009-10-16,7.13
2009-10-17,7.0575
2009-10-18,6.984999999999999
2009-10-19,6.9125
2009-10-20,6.84
2009-10-21,6.7
2009-10-22,6.56
2009-10-23,6.47
2009-10-24,6.3933333333333335
2009-10-25,6.316666666666666
2009-10-26,6.24
2009-10-27,6.17
2009-10-28,6.13
2009-10-29,6.11
2009-10-30,6.05
2009-10-31,5.796666666666667
2009-11-01,5.543333333333333
2009-11-02,5.29
2009-11-03,5.196666666666666
2009-11-04,5.1033333333333335
2009-11-05,5.01
2009-11-06,5.41
2009-11-07,5.63
2009-11-08,7.07
2009-11-09,8.99
2009-11-10,7.56
2009-11-11,5.7
2009-11-12,5.66
2009-11-13,5.72
2009-11-14,5.7299999999999995
2009-11-15,5.74
2009-11-16,5.75
2009-11-17,5.75
2009-11-18,5.75
2009-11-19,5.76
2009-11-20,5.75
2009-11-21,5.736666666666666
2009-11-22,5.723333333333334
2009-11-23,5.71
2009-11-24,5.7
2009-11-25,5.7
2009-11-26,5.7
2009-11-27,5.7
2009-11-28,5.7
2009-11-29,5.7
2009-11-30,5.7
2009-12-01,5.4
2009-12-02,5.32
2009-12-03,4.75
2009-12-04,4.875
2009-12-05,5.0
2009-12-06,5.41
2009-12-07,5.61
2009-12-08,7.07
2009-12-09,9.0
2009-12-10,7.5
2009-12-11,5.67
2009-12-12,5.666666666666667
2009-12-13,5.663333333333333
2009-12-14,5.66
2009-12-15,5.66
2009-12-16,5.67
2009-12-17,5.66
2009-12-18,5.65
2009-12-19,5.65
2009-12-20,5.65
2009-12-21,5.65
2009-12-22,5.64
2009-12-23,5.61
2009-12-24,5.58
2009-12-25,5.5600000000000005
2009-12-26,5.54
2009-12-27,5.5200000000000005
2009-12-28,5.5
2009-12-29,5.48
2009-12-30,5.5
2009-12-31,5.65
2010-01-01,5.49
2010-01-02,5.42
2010-01-03,4.94
2010-01-04,4.95
2010-01-05,5.085
2010-01-06,5.22
2010-01-07,5.84
2010-01-08,6.02
2010-01-09,6.89
2010-01-10,7.3
2010-01-11,5.96
2010-01-12,5.74
2010-01-13,5.38
2010-01-14,5.4
2010-01-15,5.42
2010-01-16,5.43
2010-01-17,5.4399999999999995
2010-01-18,5.45
2010-01-19,5.46
2010-01-20,5.45
2010-01-21,5.44
2010-01-22,5.42
2010-01-23,5.41
2010-01-24,5.3999999999999995
2010-01-25,5.39
2010-01-26,5.38
2010-01-27,5.37
2010-01-28,5.38
2010-01-29,5.39
2010-01-30,5.3999999999999995
2010-01-31,5.41
2010-02-01,5.42
2010-02-02,5.43
2010-02-03,4.94
2010-02-04,5.036666666666667
2010-02-05,5.133333333333334
2010-02-06,5.23
2010-02-07,5.83
2010-02-08,6.09
2010-02-09,6.85
2010-02-10,7.14
2010-02-11,5.95
2010-02-12,5.73
2010-02-13,5.5600000000000005
2010-02-14,5.39
2010-02-15,5.22
2010-02-16,5.2
2010-02-17,5.18
2010-02-18,5.17
2010-02-19,5.1
2010-02-20,5.04
2010-02-21,4.9799999999999995
2010-02-22,4.92
2010-02-23,4.93
2010-02-24,4.94
2010-02-25,4.95
2010-02-26,4.95
2010-02-27,5.07
2010-02-28,5.1899999999999995
2010-03-01,5.31
2010-03-02,5.43
2010-03-03,4.95
2010-03-04,4.984999999999999
2010-03-05,5.02
2010-03-06,5.24
2010-03-07,5.85
2010-03-08,6.25
2010-03-09,6.79
2010-03-10,6.94
2010-03-11,5.95
2010-03-12,5.73
2010-03-13,5.253333333333334
2010-03-14,4.776666666666666
2010-03-15,4.3
2010-03-16,4.29
2010-03-17,4.33
2010-03-18,4.37
2010-03-19,4.3
2010-03-20,4.216666666666667
2010-03-21,4.133333333333333
2010-03-22,4.05
2010-03-23,4.08
2010-03-24,4.2
2010-03-25,4.35
2010-03-26,4.45
2010-03-27,4.566666666666666
2010-03-28,4.683333333333334
2010-03-29,4.8
2010-03-30,4.86
2010-03-31,4.93
2010-04-01,5.48
2010-04-02,5.42
2010-04-03,4.93
2010-04-04,4.975
2010-04-05,5.02
2010-04-06,5.28
2010-04-07,5.79
2010-04-08,6.33
2010-04-09,6.74
2010-04-10,6.8
2010-04-11,5.95
2010-04-12,4.9350000000000005
2010-04-13,3.92
2010-04-14,4.03
2010-04-15,4.385
2010-04-16,4.74
2010-04-17,4.773333333333333
2010-04-18,4.806666666666667
2010-04-19,4.84
2010-04-20,4.91
2010-04-21,4.94
2010-04-22,4.97
2010-04-23,4.9
2010-04-24,4.766666666666667
2010-04-25,4.633333333333334
2010-04-26,4.5
2010-04-27,4.45
2010-04-28,4.4
2010-04-29,4.34
2010-04-30,4.25
2010-05-01,5.47
2010-05-02,5.42
2010-05-03,4.9
2010-05-04,4.35
2010-05-05,4.98
2010-05-06,5.29
2010-05-07,5.72
2010-05-08,6.38
2010-05-09,6.71
2010-05-10,6.67
2010-05-11,5.95
2010-05-12,5.505
2010-05-13,5.06
2010-05-14,4.99
2010-05-15,4.96
2010-05-16,4.930000000000001
2010-05-17,4.9
2010-05-18,4.8
2010-05-19,4.69
2010-05-20,4.68
2010-05-21,4.69
2010-05-22,4.69
2010-05-23,4.69
2010-05-24,4.69
2010-05-25,4.72
2010-05-26,4.75
2010-05-27,4.82
2010-05-28,4.83
2010-05-29,4.92
2010-05-30,5.01
2010-05-31,5.1
2010-06-01,5.46
2010-06-02,5.04
2010-06-03,4.62
2010-06-04,4.2
2010-06-05,4.93
2010-06-06,5.3
2010-06-07,5.65
2010-06-08,6.35
2010-06-09,6.68
2010-06-10,6.57
2010-06-11,6.155
2010-06-12,5.74
2010-06-13,5.4
2010-06-14,5.42
2010-06-15,5.42
2010-06-16,5.4
2010-06-17,5.44
2010-06-18,5.44
2010-06-19,5.43
2010-06-20,5.43
2010-06-21,5.45
2010-06-22,5.47
2010-06-23,5.48
2010-06-24,5.5
2010-06-25,5.52
2010-06-26,5.61
2010-06-27,5.64
2010-06-28,5.7
2010-06-29,5.77
2010-06-30,5.82
2010-07-01,5.44
2010-07-02,5.006666666666667
2010-07-03,4.573333333333333
2010-07-04,4.14
2010-07-05,4.95
2010-07-06,5.32
2010-07-07,5.58
2010-07-08,6.26
2010-07-09,6.65
2010-07-10,6.55
2010-07-11,6.15
2010-07-12,5.75
2010-07-13,5.57
2010-07-14,5.74
2010-07-15,5.94
2010-07-16,6.08
2010-07-17,6.14
2010-07-18,6.1
2010-07-19,6.0
2010-07-20,5.88
2010-07-21,5.77
2010-07-22,5.69
2010-07-23,5.63
2010-07-24,5.62
2010-07-25,5.64
2010-07-26,5.69
2010-07-27,5.71
2010-07-28,5.72
2010-07-29,5.73
2010-07-30,5.78
2010-07-31,5.92
2010-08-01,5.44
2010-08-02,5.39
2010-08-03,4.5
2010-08-04,4.08
2010-08-05,4.695
2010-08-06,5.31
2010-08-07,5.53
2010-08-08,6.18
2010-08-09,6.66
2010-08-10,6.61
2010-08-11,5.95
2010-08-12,5.74
2010-08-13,6.18
2010-08-14,6.21
2010-08-15,6.31
2010-08-16,6.37
2010-08-17,6.34
2010-08-18,6.32
2010-08-19,6.33
2010-08-20,6.27
2010-08-21,6.23
2010-08-22,6.24
2010-08-23,6.36
2010-08-24,6.39
2010-08-25,6.45
2010-08-26,6.57
2010-08-27,6.9
2010-08-28,7.13
2010-08-29,7.13
2010-08-30,7.05
2010-08-31,6.96
2010-09-01,6.17
2010-09-02,5.38
2010-09-03,4.4
2010-09-04,4.02
2010-09-05,4.675
2010-09-06,5.33
2010-09-07,5.52
2010-09-08,6.1
2010-09-09,6.68
2010-09-10,6.69
2010-09-11,5.96
2010-09-12,5.76
2010-09-13,6.79
2010-09-14,6.79
2010-09-15,6.8
2010-09-16,6.87
2010-09-17,6.91
2010-09-18,7.01
2010-09-19,7.06
2010-09-20,7.08
2010-09-21,7.06
2010-09-22,7.11
2010-09-23,7.16
2010-09-24,7.25
2010-09-25,7.38
2010-09-26,7.57
2010-09-27,7.63
2010-09-28,7.6
2010-09-29,7.54
2010-09-30,7.44
2010-10-01,6.395
2010-10-02,5.35
2010-10-03,4.39
2010-10-04,4.715
2010-10-05,5.04
2010-10-06,5.37
2010-10-07,5.5
2010-10-08,6.06
2010-10-09,6.67
2010-10-10,6.72
2010-10-11,5.91
2010-10-12,5.75
2010-10-13,6.5
2010-10-14,6.5
2010-10-15,6.47
2010-10-16,6.3925
2010-10-17,6.3149999999999995
2010-10-18,6.2375
2010-10-19,6.16
2010-10-20,6.1
2010-10-21,6.07
2010-10-22,6.0625
2010-10-23,6.055
2010-10-24,6.0475
2010-10-25,6.04
2010-10-26,6.05
2010-10-27,6.01
2010-10-28,6.0
2010-10-29,5.98
2010-10-30,5.786666666666667
2010-10-31,5.593333333333334
2010-11-01,5.4
2010-11-02,5.3
2010-11-03,4.39
2010-11-04,4.715
2010-11-05,5.04
2010-11-06,5.37
2010-11-07,5.5
2010-11-08,6.06
2010-11-09,6.73
2010-11-10,6.7
2010-11-11,5.9
2010-11-12,5.8875
2010-11-13,5.875
2010-11-14,5.8625
2010-11-15,5.85
2010-11-16,5.84
2010-11-17,5.835
2010-11-18,5.83
2010-11-19,5.83
2010-11-20,5.826666666666667
2010-11-21,5.823333333333333
2010-11-22,5.82
2010-11-23,5.81
2010-11-24,5.81
2010-11-25,5.8
2010-11-26,5.79
2010-11-27,5.776666666666666
2010-11-28,5.763333333333334
2010-11-29,5.75
2010-11-30,5.74
2010-12-01,5.39
2010-12-02,5.27
2010-12-03,4.34
2010-12-04,3.98
2010-12-05,5.0
2010-12-06,5.4
2010-12-07,5.5
2010-12-08,6.11
2010-12-09,6.69
2010-12-10,6.66
2010-12-11,5.89
2010-12-12,5.824999999999999
2010-12-13,5.76
2010-12-14,5.75
2010-12-15,5.76
2010-12-16,5.76
2010-12-17,5.765
2010-12-18,5.77
2010-12-19,5.775
2010-12-20,5.78
2010-12-21,5.79
2010-12-22,5.79
2010-12-23,5.8
2010-12-24,5.8
2010-12-25,5.8
2010-12-26,5.8
2010-12-27,5.8
2010-12-28,5.8
2010-12-29,5.79
2010-12-30,5.78
2010-12-31,5.78
2011-01-01,5.545
2011-01-02,5.31
2011-01-03,4.9
2011-01-04,4.65
2011-01-05,5.115
2011-01-06,5.58
2011-01-07,7.67
2011-01-08,7.0
2011-01-09,8.14
2011-01-10,7.9
2011-01-11,6.18
2011-01-12,5.63
2011-01-13,5.7
2011-01-14,5.6
2011-01-15,5.55
2011-01-16,5.5
2011-01-17,5.45
2011-01-18,5.39
2011-01-19,5.41
2011-01-20,5.43
2011-01-21,5.44
2011-01-22,5.44
2011-01-23,5.44
2011-01-24,5.44
2011-01-25,5.43
2011-01-26,5.395
2011-01-27,5.36
2011-01-28,5.33
2011-01-29,5.326666666666667
2011-01-30,5.323333333333333
2011-01-31,5.32
2011-02-01,5.3149999999999995
2011-02-02,5.31
2011-02-03,4.89
2011-02-04,4.744999999999999
2011-02-05,4.6
2011-02-06,5.5
2011-02-07,7.68
2011-02-08,7.02
2011-02-09,8.0
2011-02-10,7.73
2011-02-11,6.17
2011-02-12,5.62
2011-02-13,5.285
2011-02-14,4.95
2011-02-15,4.94
2011-02-16,4.93
2011-02-17,4.92
2011-02-18,4.93
2011-02-19,4.9399999999999995
2011-02-20,4.95
2011-02-21,4.96
2011-02-22,4.97
2011-02-23,4.92
2011-02-24,4.92
2011-02-25,4.91
2011-02-26,4.906666666666667
2011-02-27,4.903333333333333
2011-02-28,4.9
2011-03-01,5.76
2011-03-02,5.3
2011-03-03,4.91
2011-03-04,4.765000000000001
2011-03-05,4.62
2011-03-06,5.42
2011-03-07,7.73
2011-03-08,7.1
2011-03-09,7.87
2011-03-10,7.59
2011-03-11,6.15
2011-03-12,5.653333333333333
2011-03-13,5.156666666666667
2011-03-14,4.66
2011-03-15,4.27
2011-03-16,4.28
2011-03-17,4.32
2011-03-18,4.37
2011-03-19,4.413333333333333
2011-03-20,4.456666666666667
2011-03-21,4.5
2011-03-22,4.54
2011-03-23,4.64
2011-03-24,4.73
2011-03-25,4.9
2011-03-26,4.8500000000000005
2011-03-27,4.8
2011-03-28,4.75
2011-03-29,4.7
2011-03-30,4.69
2011-03-31,4.68
2011-04-01,5.76
2011-04-02,5.3
2011-04-03,4.93
2011-04-04,4.55
2011-04-05,4.67
2011-04-06,5.41
2011-04-07,7.78
2011-04-08,7.12
2011-04-09,7.72
2011-04-10,7.44
2011-04-11,6.1
2011-04-12,5.085
2011-04-13,4.07
2011-04-14,4.13
2011-04-15,4.22
2011-04-16,4.416666666666666
2011-04-17,4.613333333333333
2011-04-18,4.81
2011-04-19,4.85
2011-04-20,4.8
2011-04-21,4.7
2011-04-22,4.6
2011-04-23,4.5
2011-04-24,4.4
2011-04-25,4.3
2011-04-26,4.22
2011-04-27,4.29
2011-04-28,4.39
2011-04-29,4.49
2011-04-30,5.125
2011-05-01,5.76
2011-05-02,5.34
2011-05-03,4.92
2011-05-04,4.5
2011-05-05,4.78
2011-05-06,5.43
2011-05-07,7.75
2011-05-08,7.23
2011-05-09,7.62
2011-05-10,7.27
2011-05-11,6.4399999999999995
2011-05-12,5.61
2011-05-13,5.04
2011-05-14,5.043333333333333
2011-05-15,5.046666666666667
2011-05-16,5.05
2011-05-17,5.1
2011-05-18,5.14
2011-05-19,5.17
2011-05-20,5.17
2011-05-21,5.163333333333333
2011-05-22,5.156666666666667
2011-05-23,5.15
2011-05-24,5.15
2011-05-25,5.15
2011-05-26,5.22
2011-05-27,5.32
2011-05-28,5.383333333333334
2011-05-29,5.446666666666666
2011-05-30,5.51
2011-05-31,5.57
2011-06-01,5.75
2011-06-02,5.316666666666666
2011-06-03,4.883333333333334
2011-06-04,4.45
2011-06-05,4.78
2011-06-06,5.41
2011-06-07,7.71
2011-06-08,7.49
2011-06-09,7.53
2011-06-10,7.09
2011-06-11,6.526666666666666
2011-06-12,5.963333333333334
2011-06-13,5.4
2011-06-14,5.46
2011-06-15,5.55
2011-06-16,5.6
2011-06-17,5.62
2011-06-18,5.74
2011-06-19,5.92
2011-06-20,6.28
2011-06-21,7.02
2011-06-22,7.31
2011-06-23,7.33
2011-06-24,7.21
2011-06-25,7.02
2011-06-26,6.85
2011-06-27,6.8
2011-06-28,6.88
2011-06-29,7.33
2011-06-30,7.55
2011-07-01,5.75
2011-07-02,5.22
2011-07-03,4.88
2011-07-04,4.4
2011-07-05,4.915
2011-07-06,5.43
2011-07-07,7.67
2011-07-08,7.73
2011-07-09,7.45
2011-07-10,6.9
2011-07-11,6.255000000000001
2011-07-12,5.61
2011-07-13,7.04
2011-07-14,6.92
2011-07-15,6.88
2011-07-16,6.86
2011-07-17,6.77
2011-07-18,6.7
2011-07-19,6.63
2011-07-20,6.69
2011-07-21,6.86
2011-07-22,7.12
2011-07-23,7.36
2011-07-24,7.53
2011-07-25,7.61
2011-07-26,7.58
2011-07-27,7.42
2011-07-28,7.24
2011-07-29,7.1
2011-07-30,7.02
2011-07-31,6.99
2011-08-01,6.276666666666666
2011-08-02,5.5633333333333335
2011-08-03,4.85
2011-08-04,4.36
2011-08-05,4.890000000000001
2011-08-06,5.42
2011-08-07,7.63
2011-08-08,8.22
2011-08-09,7.4
2011-08-10,6.74
2011-08-11,5.85
2011-08-12,5.61
2011-08-13,9.36
2011-08-14,9.39
2011-08-15,9.38
2011-08-16,9.38
2011-08-17,9.37
2011-08-18,9.33
2011-08-19,9.32
2011-08-20,9.31
2011-08-21,9.25
2011-08-22,9.19
2011-08-23,9.12
2011-08-24,9.02
2011-08-25,8.93
2011-08-26,8.77
2011-08-27,8.67
2011-08-28,8.63
2011-08-29,8.54
2011-08-30,8.4
2011-08-31,8.28
2011-09-01,6.6899999999999995
2011-09-02,5.1
2011-09-03,4.84
2011-09-04,5.03
2011-09-05,5.22
2011-09-06,5.41
2011-09-07,7.55
2011-09-08,8.56
2011-09-09,7.4
2011-09-10,6.58
2011-09-11,5.8
2011-09-12,5.6
2011-09-13,7.45
2011-09-14,7.49
2011-09-15,7.56
2011-09-16,7.73
2011-09-17,8.07
2011-09-18,8.33
2011-09-19,8.43
2011-09-20,8.47
2011-09-21,8.52
2011-09-22,5.54
2011-09-23,8.49
2011-09-24,8.47
2011-09-25,8.45
2011-09-26,8.4
2011-09-27,8.37
2011-09-28,8.31
2011-09-29,8.2
2011-09-30,8.04
2011-10-01,5.74
2011-10-02,4.94
2011-10-03,4.83
2011-10-04,4.93
2011-10-05,5.03
2011-10-06,5.4
2011-10-07,7.43
2011-10-08,8.94
2011-10-09,7.42
2011-10-10,6.47
2011-10-11,6.406666666666666
2011-10-12,6.343333333333334
2011-10-13,6.28
2011-10-14,6.27
2011-10-15,6.28
2011-10-16,6.25
2011-10-17,6.24
2011-10-18,6.22
2011-10-19,6.22
2011-10-20,6.21
2011-10-21,6.2
2011-10-22,6.24
2011-10-23,6.19
2011-10-24,6.16
2011-10-25,6.2
2011-10-26,6.21
2011-10-27,6.24
2011-10-28,6.23
2011-10-29,6.22
2011-10-30,6.21
2011-10-31,6.18
2011-11-01,5.74
2011-11-02,4.91
2011-11-03,4.7
2011-11-04,4.25
2011-11-05,5.03
2011-11-06,5.38
2011-11-07,7.3
2011-11-08,9.14
2011-11-09,7.42
2011-11-10,6.42
2011-11-11,5.79
2011-11-12,5.78
2011-11-13,5.77
2011-11-14,5.76
2011-11-15,5.74
2011-11-16,5.71
2011-11-17,5.7
2011-11-18,5.72
2011-11-19,5.713333333333333
2011-11-20,5.706666666666667
2011-11-21,5.7
2011-11-22,5.66
2011-11-23,5.66
2011-11-24,5.65
2011-11-25,5.65
2011-11-26,5.653333333333333
2011-11-27,5.656666666666667
2011-11-28,5.66
2011-11-29,5.64
2011-11-30,5.63
2011-12-01,5.73
2011-12-02,5.203333333333334
2011-12-03,4.676666666666667
2011-12-04,4.15
2011-12-05,5.04
2011-12-06,5.38
2011-12-07,7.18
2011-12-08,9.27
2011-12-09,7.45
2011-12-10,6.32
2011-12-11,5.96
2011-12-12,5.6
2011-12-13,5.56
2011-12-14,5.5
2011-12-15,5.5
2011-12-16,5.5
2011-12-17,5.493333333333333
2011-12-18,5.486666666666667
2011-12-19,5.48
2011-12-20,5.45
2011-12-21,5.44
2011-12-22,5.43
2011-12-23,5.42
2011-12-24,5.413333333333333
2011-12-25,5.406666666666667
2011-12-26,5.4
2011-12-27,5.38
2011-12-28,5.36
2011-12-29,5.3
2011-12-30,5.25
2011-12-31,5.02
2012-01-01,4.79
2012-01-02,4.56
2012-01-03,4.17
2012-01-04,4.366666666666666
2012-01-05,4.5633333333333335
2012-01-06,4.76
2012-01-07,5.59
2012-01-08,6.37
2012-01-09,6.49
2012-01-10,6.69
2012-01-11,5.56
2012-01-12,5.23
2012-01-13,4.9
2012-01-14,4.8933333333333335
2012-01-15,4.886666666666667
2012-01-16,4.88
2012-01-17,4.85
2012-01-18,4.83
2012-01-19,4.8
2012-01-20,4.78
2012-01-21,4.7725
2012-01-22,4.765000000000001
2012-01-23,4.7575
2012-01-24,4.75
2012-01-25,4.73
2012-01-26,4.705
2012-01-27,4.68
2012-01-28,4.663333333333333
2012-01-29,4.6466666666666665
2012-01-30,4.63
2012-01-31,4.6
2012-02-01,5.2
2012-02-02,4.5
2012-02-03,4.18
2012-02-04,4.86
2012-02-05,5.14
2012-02-06,4.8
2012-02-07,5.55
2012-02-08,6.41
2012-02-09,6.5
2012-02-10,6.55
2012-02-11,5.58
2012-02-12,4.865
2012-02-13,4.15
2012-02-14,4.1
2012-02-15,4.08
2012-02-16,4.07
2012-02-17,4.05
2012-02-18,4.033333333333333
2012-02-19,4.016666666666667
2012-02-20,4.0
2012-02-21,4.14
2012-02-22,4.18
2012-02-23,4.16
2012-02-24,4.15
2012-02-25,4.1850000000000005
2012-02-26,4.22
2012-02-27,4.2
2012-02-28,4.18
2012-02-29,4.665
2012-03-01,5.15
2012-03-02,4.47
2012-03-03,4.65
2012-03-04,4.83
2012-03-05,5.2
2012-03-06,4.86
2012-03-07,5.55
2012-03-08,6.41
2012-03-09,6.49
2012-03-10,6.58
2012-03-11,6.02
2012-03-12,5.46
2012-03-13,4.62
2012-03-14,4.61
2012-03-15,4.59
2012-03-16,4.57
2012-03-17,4.553333333333334
2012-03-18,4.536666666666666
2012-03-19,4.52
2012-03-20,4.58
2012-03-21,4.6
2012-03-22,4.61
2012-03-23,4.65
2012-03-24,4.723333333333334
2012-03-25,4.796666666666667
2012-03-26,4.87
2012-03-27,4.87
2012-03-28,4.87
2012-03-29,4.88
2012-03-30,4.88
2012-03-31,4.995
2012-04-01,5.11
2012-04-02,5.006666666666667
2012-04-03,4.903333333333333
2012-04-04,4.8
2012-04-05,5.15
2012-04-06,5.1
2012-04-07,5.59
2012-04-08,6.33
2012-04-09,6.51
2012-04-10,6.59
2012-04-11,6.025
2012-04-12,5.46
2012-04-13,4.87
2012-04-14,4.8566666666666665
2012-04-15,4.843333333333334
2012-04-16,4.83
2012-04-17,4.84
2012-04-18,4.9
2012-04-19,5.06
2012-04-20,5.08
2012-04-21,5.133333333333334
2012-04-22,5.1866666666666665
2012-04-23,5.24
2012-04-24,5.24
2012-04-25,5.23
2012-04-26,5.22
2012-04-27,5.18
2012-04-28,5.14
2012-04-29,5.1
2012-04-30,5.06
2012-05-01,5.08
2012-05-02,4.85
2012-05-03,4.62
2012-05-04,4.83
2012-05-05,5.05
2012-05-06,5.27
2012-05-07,5.63
2012-05-08,6.25
2012-05-09,6.55
2012-05-10,6.56
2012-05-11,5.61
2012-05-12,5.45
2012-05-13,5.1850000000000005
2012-05-14,4.92
2012-05-15,4.88
2012-05-16,4.84
2012-05-17,4.8
2012-05-18,4.77
2012-05-19,4.763333333333333
2012-05-20,4.756666666666667
2012-05-21,4.75
2012-05-22,4.76
2012-05-23,4.79
2012-05-24,4.79
2012-05-25,4.82
2012-05-26,4.84
2012-05-27,4.86
2012-05-28,4.88
2012-05-29,4.85
2012-05-30,4.84
2012-05-31,4.75
2012-06-01,5.05
2012-06-02,4.4
2012-06-03,4.55
2012-06-04,4.816666666666666
2012-06-05,5.083333333333333
2012-06-06,5.35
2012-06-07,5.62
2012-06-08,6.2
2012-06-09,6.57
2012-06-10,6.64
2012-06-11,5.75
2012-06-12,5.45
2012-06-13,5.42
2012-06-14,5.44
2012-06-15,5.45
2012-06-16,5.46
2012-06-17,5.5
2012-06-18,5.49
2012-06-19,5.52
2012-06-20,5.53
2012-06-21,5.54
2012-06-22,5.54
2012-06-23,5.58
2012-06-24,5.61
2012-06-25,5.59
2012-06-26,5.59
2012-06-27,5.69
2012-06-28,5.68
2012-06-29,5.64
2012-06-30,5.61
2012-07-01,4.98
2012-07-02,4.35
2012-07-03,4.62
2012-07-04,4.835
2012-07-05,5.05
2012-07-06,5.36
2012-07-07,5.65
2012-07-08,6.25
2012-07-09,6.6
2012-07-10,6.71
2012-07-11,5.91
2012-07-12,5.45
2012-07-13,5.74
2012-07-14,5.76
2012-07-15,5.84
2012-07-16,6.01
2012-07-17,6.14
2012-07-18,6.3
2012-07-19,6.37
2012-07-20,6.29
2012-07-21,6.2
2012-07-22,6.34
2012-07-23,6.35
2012-07-24,6.27
2012-07-25,6.12
2012-07-26,6.01
2012-07-27,5.92
2012-07-28,5.9
2012-07-29,5.92
2012-07-30,5.98
2012-07-31,6.2
2012-08-01,5.26
2012-08-02,4.32
2012-08-03,4.577500000000001
2012-08-04,4.835
2012-08-05,5.092499999999999
2012-08-06,5.35
2012-08-07,5.66
2012-08-08,6.3
2012-08-09,6.59
2012-08-10,6.71
2012-08-11,6.09
2012-08-12,6.35
2012-08-13,6.61
2012-08-14,6.75
2012-08-15,7.01
2012-08-16,7.24
2012-08-17,7.38
2012-08-18,7.45
2012-08-19,7.75
2012-08-20,7.73
2012-08-21,7.51
2012-08-22,7.29
2012-08-23,7.01
2012-08-24,6.79
2012-08-25,6.68
2012-08-26,6.58
2012-08-27,6.48
2012-08-28,6.52
2012-08-29,6.5
2012-08-30,6.47
2012-08-31,6.47
2012-09-01,5.0
2012-09-02,4.3
2012-09-03,4.62
2012-09-04,4.98
2012-09-05,5.0
2012-09-06,5.33
2012-09-07,5.71
2012-09-08,6.35
2012-09-09,6.58
2012-09-10,6.67
2012-09-11,6.25
2012-09-12,6.4399999999999995
2012-09-13,6.63
2012-09-14,6.6
2012-09-15,6.58
2012-09-16,6.72
2012-09-17,7.01
2012-09-18,7.23
2012-09-19,7.34
2012-09-20,7.39
2012-09-21,7.35
2012-09-22,7.36
2012-09-23,7.34
2012-09-24,7.21
2012-09-25,7.13
2012-09-26,7.09
2012-09-27,7.05
2012-09-28,6.95
2012-09-29,6.83
2012-09-30,6.77
2012-10-01,4.95
2012-10-02,4.25
2012-10-03,4.605
2012-10-04,4.96
2012-10-05,5.0
2012-10-06,5.31
2012-10-07,5.83
2012-10-08,6.44
2012-10-09,6.6
2012-10-10,6.61
2012-10-11,6.050000000000001
2012-10-12,5.49
2012-10-13,6.45
2012-10-14,6.38
2012-10-15,6.27
2012-10-16,6.19
2012-10-17,6.12
2012-10-18,6.05
2012-10-19,5.97
2012-10-20,5.931818181818182
2012-10-21,5.893636363636364
2012-10-22,5.8554545454545455
2012-10-23,5.817272727272727
2012-10-24,5.779090909090909
2012-10-25,5.74090909090909
2012-10-26,5.702727272727272
2012-10-27,5.664545454545454
2012-10-28,5.626363636363636
2012-10-29,5.588181818181818
2012-10-30,5.55
2012-10-31,5.52
2012-11-01,4.92
2012-11-02,4.926666666666667
2012-11-03,4.933333333333334
2012-11-04,4.94
2012-11-05,5.0
2012-11-06,5.3
2012-11-07,5.81
2012-11-08,6.53
2012-11-09,6.55
2012-11-10,6.54
2012-11-11,6.02
2012-11-12,5.5
2012-11-13,5.825
2012-11-14,6.15
2012-11-15,6.065
2012-11-16,5.98
2012-11-17,5.866666666666667
2012-11-18,5.753333333333333
2012-11-19,5.64
2012-11-20,5.64
2012-11-21,5.6
2012-11-22,5.56
2012-11-23,5.53
2012-11-24,5.5200000000000005
2012-11-25,5.51
2012-11-26,5.5
2012-11-27,5.49
2012-11-28,5.49
2012-11-29,5.52
2012-11-30,5.5
2012-12-01,4.91
2012-12-02,4.77
2012-12-03,4.63
2012-12-04,4.9
2012-12-05,5.15
2012-12-06,5.4
2012-12-07,5.77
2012-12-08,6.58
2012-12-09,6.61
2012-12-10,6.49
2012-12-11,6.22
2012-12-12,5.5
2012-12-13,5.52
2012-12-14,5.5
2012-12-15,5.5
2012-12-16,5.5
2012-12-17,5.5
2012-12-18,5.49
2012-12-19,5.47
2012-12-20,5.45
2012-12-21,5.44
2012-12-22,5.4366666666666665
2012-12-23,5.433333333333334
2012-12-24,5.43
2012-12-25,5.425
2012-12-26,5.42
2012-12-27,5.42
2012-12-28,5.44
2012-12-29,5.45
2012-12-30,5.46
2012-12-31,5.47
2013-01-01,5.46
2013-01-02,5.22
2013-01-03,5.2
2013-01-04,5.11
2013-01-05,5.385
2013-01-06,5.66
2013-01-07,6.0
2013-01-08,6.96
2013-01-09,8.22
2013-01-10,6.66
2013-01-11,7.46
2013-01-12,6.76
2013-01-13,6.0600000000000005
2013-01-14,5.36
2013-01-15,5.37
2013-01-16,5.36
2013-01-17,5.34
2013-01-18,5.33
2013-01-19,5.32
2013-01-20,5.31
2013-01-21,5.3
2013-01-22,5.29
2013-01-23,5.285
2013-01-24,5.28
2013-01-25,5.2725
2013-01-26,5.265000000000001
2013-01-27,5.2575
2013-01-28,5.25
2013-01-29,5.23
2013-01-30,5.23
2013-01-31,5.23
2013-02-01,5.45
2013-02-02,5.326666666666667
2013-02-03,5.203333333333333
2013-02-04,5.08
2013-02-05,4.86
2013-02-06,5.63
2013-02-07,6.07
2013-02-08,6.97
2013-02-09,8.18
2013-02-10,6.8
2013-02-11,7.34
2013-02-12,5.99
2013-02-13,5.24
2013-02-14,5.22
2013-02-15,5.215
2013-02-16,5.21
2013-02-17,5.205
2013-02-18,5.2
2013-02-19,5.19
2013-02-20,5.19
2013-02-21,5.18
2013-02-22,5.18
2013-02-23,5.183333333333334
2013-02-24,5.1866666666666665
2013-02-25,5.19
2013-02-26,5.19
2013-02-27,5.19
2013-02-28,5.19
2013-03-01,5.44
2013-03-02,5.3100000000000005
2013-03-03,5.18
2013-03-04,5.05
2013-03-05,4.9
2013-03-06,5.54
2013-03-07,6.36
2013-03-08,6.94
2013-03-09,8.15
2013-03-10,6.91
2013-03-11,7.19
2013-03-12,5.99
2013-03-13,5.2
2013-03-14,5.21
2013-03-15,5.21
2013-03-16,5.203333333333333
2013-03-17,5.196666666666667
2013-03-18,5.19
2013-03-19,5.18
2013-03-20,5.18
2013-03-21,5.17
2013-03-22,5.17
2013-03-23,5.173333333333333
2013-03-24,5.176666666666667
2013-03-25,5.18
2013-03-26,5.18
2013-03-27,5.18
2013-03-28,5.18
2013-03-29,5.2425
2013-03-30,5.305
2013-03-31,5.3675
2013-04-01,5.43
2013-04-02,5.2
2013-04-03,5.17
2013-04-04,5.01
2013-04-05,5.26
2013-04-06,5.51
2013-04-07,6.45
2013-04-08,6.9
2013-04-09,8.18
2013-04-10,7.01
2013-04-11,7.01
2013-04-12,5.98
2013-04-13,5.7
2013-04-14,5.42
2013-04-15,5.140000000000001
2013-04-16,4.86
2013-04-17,4.84
2013-04-18,4.82
2013-04-19,4.82
2013-04-20,4.82
2013-04-21,4.82
2013-04-22,4.82
2013-04-23,4.83
2013-04-24,4.85
2013-04-25,4.87
2013-04-26,4.88
2013-04-27,4.886666666666667
2013-04-28,4.8933333333333335
2013-04-29,4.9
2013-04-30,4.88
2013-05-01,5.035
2013-05-02,5.19
2013-05-03,5.18
2013-05-04,4.98
2013-05-05,5.32
2013-05-06,5.66
2013-05-07,6.44
2013-05-08,6.85
2013-05-09,8.29
2013-05-10,7.15
2013-05-11,6.88
2013-05-12,5.98
2013-05-13,5.36
2013-05-14,5.39
2013-05-15,5.35
2013-05-16,5.32
2013-05-17,5.3
2013-05-18,5.266666666666667
2013-05-19,5.233333333333333
2013-05-20,5.2
2013-05-21,5.18
2013-05-22,5.17
2013-05-23,5.25
2013-05-24,5.34
2013-05-25,5.426666666666667
2013-05-26,5.513333333333333
2013-05-27,5.6
2013-05-28,5.57
2013-05-29,5.54
2013-05-30,5.55
2013-05-31,5.62
2013-06-01,5.405
2013-06-02,5.19
2013-06-03,5.18
2013-06-04,5.1
2013-06-05,5.02
2013-06-06,5.7
2013-06-07,6.39
2013-06-08,6.86
2013-06-09,8.36
2013-06-10,7.23
2013-06-11,6.77
2013-06-12,5.95
2013-06-13,5.95
2013-06-14,5.93
2013-06-15,5.92
2013-06-16,5.9
2013-06-17,5.9
2013-06-18,5.88
2013-06-19,5.87
2013-06-20,5.89
2013-06-21,5.98
2013-06-22,6.09
2013-06-23,6.2
2013-06-24,6.27
2013-06-25,6.26
2013-06-26,6.19
2013-06-27,6.13
2013-06-28,6.1
2013-06-29,6.05
2013-06-30,6.01
2013-07-01,5.35
2013-07-02,5.19
2013-07-03,5.18
2013-07-04,5.175
2013-07-05,5.17
2013-07-06,5.66
2013-07-07,6.36
2013-07-08,6.89
2013-07-09,8.35
2013-07-10,7.29
2013-07-11,6.65
2013-07-12,6.54
2013-07-13,6.43
2013-07-14,6.47
2013-07-15,6.51
2013-07-16,6.5
2013-07-17,6.49
2013-07-18,6.47
2013-07-19,6.45
2013-07-20,6.45
2013-07-21,6.42
2013-07-22,6.41
2013-07-23,6.43
2013-07-24,6.48
2013-07-25,6.52
2013-07-26,6.52
2013-07-27,6.55
2013-07-28,6.63
2013-07-29,6.75
2013-07-30,6.84
2013-07-31,6.91
2013-08-01,5.34
2013-08-02,5.2
2013-08-03,5.19
2013-08-04,4.96
2013-08-05,5.24
2013-08-06,5.69
2013-08-07,6.34
2013-08-08,6.99
2013-08-09,8.3
2013-08-10,7.5
2013-08-11,6.55
2013-08-12,7.1
2013-08-13,7.65
2013-08-14,7.72
2013-08-15,7.73
2013-08-16,7.69
2013-08-17,7.59
2013-08-18,7.54
2013-08-19,7.59
2013-08-20,7.7
2013-08-21,7.83
2013-08-22,7.95
2013-08-23,8.05
2013-08-24,8.27
2013-08-25,8.4
2013-08-26,8.39
2013-08-27,8.32
2013-08-28,8.32
2013-08-29,8.25
2013-08-30,8.19
2013-08-31,8.22
2013-09-01,5.32
2013-09-02,5.193333333333333
2013-09-03,5.066666666666667
2013-09-04,4.94
2013-09-05,5.335000000000001
2013-09-06,5.73
2013-09-07,6.32
2013-09-08,7.21
2013-09-09,8.22
2013-09-10,7.61
2013-09-11,6.745
2013-09-12,5.88
2013-09-13,7.58
2013-09-14,7.39
2013-09-15,7.21
2013-09-16,7.03
2013-09-17,6.96
2013-09-18,6.95
2013-09-19,6.85
2013-09-20,6.86
2013-09-21,6.83
2013-09-22,6.8
2013-09-23,6.76
2013-09-24,6.71
2013-09-25,6.65
2013-09-26,6.6
2013-09-27,6.5
2013-09-28,6.44
2013-09-29,6.46
2013-09-30,6.55
2013-10-01,5.31
2013-10-02,5.183333333333333
2013-10-03,5.056666666666667
2013-10-04,4.93
2013-10-05,5.35
2013-10-06,5.83
2013-10-07,6.34
2013-10-08,7.37
2013-10-09,8.08
2013-10-10,7.67
2013-10-11,6.755
2013-10-12,5.84
2013-10-13,7.48
2013-10-14,7.39
2013-10-15,7.81
2013-10-16,8.18
2013-10-17,8.3
2013-10-18,8.3
2013-10-19,8.23
2013-10-20,8.14
2013-10-21,8.05
2013-10-22,7.9
2013-10-23,7.73
2013-10-24,7.55
2013-10-25,7.4
2013-10-26,7.36
2013-10-27,7.37
2013-10-28,7.51
2013-10-29,7.6
2013-10-30,7.6
2013-10-31,7.56
2013-11-01,5.3
2013-11-02,5.23
2013-11-03,5.2
2013-11-04,4.92
2013-11-05,5.445
2013-11-06,5.97
2013-11-07,6.35
2013-11-08,7.51
2013-11-09,7.93
2013-11-10,7.69
2013-11-11,6.4
2013-11-12,5.82
2013-11-13,6.28
2013-11-14,6.22
2013-11-15,6.1975
2013-11-16,6.175
2013-11-17,6.1525
2013-11-18,6.13
2013-11-19,6.12
2013-11-20,6.1
2013-11-21,6.08
2013-11-22,6.07
2013-11-23,6.053333333333334
2013-11-24,6.036666666666666
2013-11-25,6.02
2013-11-26,5.0
2013-11-27,5.95
2013-11-28,5.93
2013-11-29,5.95
2013-11-30,5.716666666666667
2013-12-01,5.483333333333333
2013-12-02,5.25
2013-12-03,5.2
2013-12-04,4.91
2013-12-05,5.45
2013-12-06,5.99
2013-12-07,6.39
2013-12-08,7.61
2013-12-09,7.76
2013-12-10,7.66
2013-12-11,6.35
2013-12-12,5.82
2013-12-13,5.82
2013-12-14,5.82
2013-12-15,5.82
2013-12-16,5.82
2013-12-17,5.82
2013-12-18,5.83
2013-12-19,5.86
2013-12-20,5.9
2013-12-21,5.8933333333333335
2013-12-22,5.886666666666667
2013-12-23,5.88
2013-12-24,5.87
2013-12-25,5.865
2013-12-26,5.86
2013-12-27,5.86
2013-12-28,5.8533333333333335
2013-12-29,5.846666666666667
2013-12-30,5.84
2013-12-31,5.85
